-- --------------------------------------------------------
-- 主机:                           192.168.100.204
-- 服务器版本:                        5.7.26 - MySQL Community Server (GPL)
-- 服务器操作系统:                      Linux
-- HeidiSQL 版本:                  10.2.0.5599
-- --------------------------------------------------------

/*!40101 SET @OLD_CHARACTER_SET_CLIENT=@@CHARACTER_SET_CLIENT */;
/*!40101 SET NAMES utf8 */;
/*!50503 SET NAMES utf8mb4 */;
/*!40014 SET @OLD_FOREIGN_KEY_CHECKS=@@FOREIGN_KEY_CHECKS, FOREIGN_KEY_CHECKS=0 */;
/*!40101 SET @OLD_SQL_MODE=@@SQL_MODE, SQL_MODE='NO_AUTO_VALUE_ON_ZERO' */;

-- 正在导出表  shop.admin_menu 的数据：~11 rows (大约)
/*!40000 ALTER TABLE `admin_menu` DISABLE KEYS */;
INSERT INTO `admin_menu` (`id`, `parent_id`, `order`, `title`, `icon`, `uri`, `permission`, `created_at`, `updated_at`) VALUES
	(1, 0, 1, '首页', 'fa-bar-chart', '/', NULL, NULL, '2019-07-03 17:50:10'),
	(2, 0, 6, '设置中心', 'fa-tasks', NULL, NULL, NULL, '2019-07-17 16:40:58'),
	(3, 2, 7, '管理员', 'fa-users', 'auth/users', NULL, NULL, '2019-07-17 16:40:58'),
	(4, 2, 8, '角色', 'fa-user', 'auth/roles', NULL, NULL, '2019-07-17 16:40:58'),
	(5, 2, 9, '权限', 'fa-ban', 'auth/permissions', NULL, NULL, '2019-07-17 16:40:58'),
	(6, 2, 10, '菜单设置', 'fa-bars', 'auth/menu', NULL, NULL, '2019-07-17 16:40:58'),
	(7, 2, 11, '操作日志', 'fa-history', 'auth/logs', NULL, NULL, '2019-07-17 16:40:58'),
	(8, 0, 2, '用户管理', 'fa-user', '/users', NULL, '2019-07-03 17:56:38', '2019-07-03 17:56:42'),
	(9, 0, 3, '商品管理', 'fa-cubes', '/products', NULL, '2019-07-04 14:40:25', '2019-07-04 14:40:31'),
	(10, 0, 4, '订单管理', 'fa-rmb', '/orders', NULL, '2019-07-12 15:06:08', '2019-07-12 15:06:16'),
	(11, 0, 5, '优惠券', 'fa-tags', '/coupon_codes', NULL, '2019-07-17 16:40:47', '2019-07-17 16:40:58');
/*!40000 ALTER TABLE `admin_menu` ENABLE KEYS */;

-- 正在导出表  shop.admin_operation_log 的数据：~541 rows (大约)
/*!40000 ALTER TABLE `admin_operation_log` DISABLE KEYS */;
INSERT INTO `admin_operation_log` (`id`, `user_id`, `path`, `method`, `ip`, `input`, `created_at`, `updated_at`) VALUES
	(1, 1, 'admin', 'GET', '10.4.3.104', '[]', '2019-07-03 17:48:43', '2019-07-03 17:48:43'),
	(2, 1, 'admin', 'GET', '10.4.3.104', '{"_pjax":"#pjax-container"}', '2019-07-03 17:48:51', '2019-07-03 17:48:51'),
	(3, 1, 'admin', 'GET', '10.4.3.104', '[]', '2019-07-03 17:49:05', '2019-07-03 17:49:05'),
	(4, 1, 'admin', 'GET', '10.4.3.104', '[]', '2019-07-03 17:49:41', '2019-07-03 17:49:41'),
	(5, 1, 'admin/auth/menu', 'GET', '10.4.3.104', '{"_pjax":"#pjax-container"}', '2019-07-03 17:49:45', '2019-07-03 17:49:45'),
	(6, 1, 'admin/auth/menu/1/edit', 'GET', '10.4.3.104', '{"_pjax":"#pjax-container"}', '2019-07-03 17:50:03', '2019-07-03 17:50:03'),
	(7, 1, 'admin/auth/menu/1', 'PUT', '10.4.3.104', '{"parent_id":"0","title":"\\u9996\\u9875","icon":"fa-bar-chart","uri":"\\/","roles":[null],"permission":null,"_token":"2JzPHGpQqY3QdeUPAX2XPJXQDBBIUdaI8v4gbdIi","_method":"PUT","_previous_":"http:\\/\\/shop.test\\/admin\\/auth\\/menu"}', '2019-07-03 17:50:09', '2019-07-03 17:50:09'),
	(8, 1, 'admin/auth/menu', 'GET', '10.4.3.104', '[]', '2019-07-03 17:50:10', '2019-07-03 17:50:10'),
	(9, 1, 'admin/auth/menu/2/edit', 'GET', '10.4.3.104', '{"_pjax":"#pjax-container"}', '2019-07-03 17:50:13', '2019-07-03 17:50:13'),
	(10, 1, 'admin/auth/menu/2', 'PUT', '10.4.3.104', '{"parent_id":"0","title":"\\u8bbe\\u7f6e\\u4e2d\\u5fc3","icon":"fa-tasks","uri":null,"roles":["1",null],"permission":null,"_token":"2JzPHGpQqY3QdeUPAX2XPJXQDBBIUdaI8v4gbdIi","_method":"PUT","_previous_":"http:\\/\\/shop.test\\/admin\\/auth\\/menu"}', '2019-07-03 17:50:21', '2019-07-03 17:50:21'),
	(11, 1, 'admin/auth/menu', 'GET', '10.4.3.104', '[]', '2019-07-03 17:50:21', '2019-07-03 17:50:21'),
	(12, 1, 'admin/auth/menu/3/edit', 'GET', '10.4.3.104', '{"_pjax":"#pjax-container"}', '2019-07-03 17:50:23', '2019-07-03 17:50:23'),
	(13, 1, 'admin/auth/menu/3', 'PUT', '10.4.3.104', '{"parent_id":"2","title":"\\u7528\\u6237\\u7ba1\\u7406","icon":"fa-users","uri":"auth\\/users","roles":[null],"permission":null,"_token":"2JzPHGpQqY3QdeUPAX2XPJXQDBBIUdaI8v4gbdIi","_method":"PUT","_previous_":"http:\\/\\/shop.test\\/admin\\/auth\\/menu"}', '2019-07-03 17:50:31', '2019-07-03 17:50:31'),
	(14, 1, 'admin/auth/menu', 'GET', '10.4.3.104', '[]', '2019-07-03 17:50:31', '2019-07-03 17:50:31'),
	(15, 1, 'admin/auth/menu/4/edit', 'GET', '10.4.3.104', '{"_pjax":"#pjax-container"}', '2019-07-03 17:50:41', '2019-07-03 17:50:41'),
	(16, 1, 'admin/auth/menu/4', 'PUT', '10.4.3.104', '{"parent_id":"2","title":"\\u89d2\\u8272","icon":"fa-user","uri":"auth\\/roles","roles":[null],"permission":null,"_token":"2JzPHGpQqY3QdeUPAX2XPJXQDBBIUdaI8v4gbdIi","_method":"PUT","_previous_":"http:\\/\\/shop.test\\/admin\\/auth\\/menu"}', '2019-07-03 17:50:47', '2019-07-03 17:50:47'),
	(17, 1, 'admin/auth/menu', 'GET', '10.4.3.104', '[]', '2019-07-03 17:50:47', '2019-07-03 17:50:47'),
	(18, 1, 'admin/auth/menu/5/edit', 'GET', '10.4.3.104', '{"_pjax":"#pjax-container"}', '2019-07-03 17:50:49', '2019-07-03 17:50:49'),
	(19, 1, 'admin/auth/menu/5', 'PUT', '10.4.3.104', '{"parent_id":"2","title":"\\u6743\\u9650","icon":"fa-ban","uri":"auth\\/permissions","roles":[null],"permission":null,"_token":"2JzPHGpQqY3QdeUPAX2XPJXQDBBIUdaI8v4gbdIi","_method":"PUT","_previous_":"http:\\/\\/shop.test\\/admin\\/auth\\/menu"}', '2019-07-03 17:50:55', '2019-07-03 17:50:55'),
	(20, 1, 'admin/auth/menu', 'GET', '10.4.3.104', '[]', '2019-07-03 17:50:55', '2019-07-03 17:50:55'),
	(21, 1, 'admin/auth/menu/6/edit', 'GET', '10.4.3.104', '{"_pjax":"#pjax-container"}', '2019-07-03 17:50:57', '2019-07-03 17:50:57'),
	(22, 1, 'admin/auth/menu/6', 'PUT', '10.4.3.104', '{"parent_id":"2","title":"\\u83dc\\u5355\\u8bbe\\u7f6e","icon":"fa-bars","uri":"auth\\/menu","roles":[null],"permission":null,"_token":"2JzPHGpQqY3QdeUPAX2XPJXQDBBIUdaI8v4gbdIi","_method":"PUT","_previous_":"http:\\/\\/shop.test\\/admin\\/auth\\/menu"}', '2019-07-03 17:51:01', '2019-07-03 17:51:01'),
	(23, 1, 'admin/auth/menu', 'GET', '10.4.3.104', '[]', '2019-07-03 17:51:01', '2019-07-03 17:51:01'),
	(24, 1, 'admin/auth/menu/7/edit', 'GET', '10.4.3.104', '{"_pjax":"#pjax-container"}', '2019-07-03 17:51:02', '2019-07-03 17:51:02'),
	(25, 1, 'admin/auth/menu/7', 'PUT', '10.4.3.104', '{"parent_id":"2","title":"\\u64cd\\u4f5c\\u65e5\\u5fd7","icon":"fa-history","uri":"auth\\/logs","roles":[null],"permission":null,"_token":"2JzPHGpQqY3QdeUPAX2XPJXQDBBIUdaI8v4gbdIi","_method":"PUT","_previous_":"http:\\/\\/shop.test\\/admin\\/auth\\/menu"}', '2019-07-03 17:51:11', '2019-07-03 17:51:11'),
	(26, 1, 'admin/auth/menu', 'GET', '10.4.3.104', '[]', '2019-07-03 17:51:11', '2019-07-03 17:51:11'),
	(27, 1, 'admin/auth/menu', 'POST', '10.4.3.104', '{"_token":"2JzPHGpQqY3QdeUPAX2XPJXQDBBIUdaI8v4gbdIi","_order":"[{\\"id\\":1},{\\"id\\":2,\\"children\\":[{\\"id\\":3},{\\"id\\":4},{\\"id\\":5},{\\"id\\":6},{\\"id\\":7}]}]"}', '2019-07-03 17:51:13', '2019-07-03 17:51:13'),
	(28, 1, 'admin/auth/menu', 'GET', '10.4.3.104', '{"_pjax":"#pjax-container"}', '2019-07-03 17:51:13', '2019-07-03 17:51:13'),
	(29, 1, 'admin/auth/menu', 'GET', '10.4.3.104', '[]', '2019-07-03 17:51:17', '2019-07-03 17:51:17'),
	(30, 1, 'admin/auth/menu', 'GET', '10.4.3.104', '[]', '2019-07-03 17:55:37', '2019-07-03 17:55:37'),
	(31, 1, 'admin/auth/menu/3/edit', 'GET', '10.4.3.104', '{"_pjax":"#pjax-container"}', '2019-07-03 17:55:48', '2019-07-03 17:55:48'),
	(32, 1, 'admin/auth/menu/3', 'PUT', '10.4.3.104', '{"parent_id":"2","title":"\\u7ba1\\u7406\\u5458","icon":"fa-users","uri":"auth\\/users","roles":[null],"permission":null,"_token":"2JzPHGpQqY3QdeUPAX2XPJXQDBBIUdaI8v4gbdIi","_method":"PUT","_previous_":"http:\\/\\/shop.test\\/admin\\/auth\\/menu"}', '2019-07-03 17:55:54', '2019-07-03 17:55:54'),
	(33, 1, 'admin/auth/menu', 'GET', '10.4.3.104', '[]', '2019-07-03 17:55:54', '2019-07-03 17:55:54'),
	(34, 1, 'admin/auth/menu', 'POST', '10.4.3.104', '{"_token":"2JzPHGpQqY3QdeUPAX2XPJXQDBBIUdaI8v4gbdIi","_order":"[{\\"id\\":1},{\\"id\\":2,\\"children\\":[{\\"id\\":3},{\\"id\\":4},{\\"id\\":5},{\\"id\\":6},{\\"id\\":7}]}]"}', '2019-07-03 17:55:55', '2019-07-03 17:55:55'),
	(35, 1, 'admin/auth/menu', 'GET', '10.4.3.104', '{"_pjax":"#pjax-container"}', '2019-07-03 17:55:55', '2019-07-03 17:55:55'),
	(36, 1, 'admin/auth/menu', 'POST', '10.4.3.104', '{"parent_id":"0","title":"\\u7528\\u6237\\u7ba1\\u7406","icon":"fa-user","uri":"\\/users","roles":[null],"permission":null,"_token":"2JzPHGpQqY3QdeUPAX2XPJXQDBBIUdaI8v4gbdIi"}', '2019-07-03 17:56:38', '2019-07-03 17:56:38'),
	(37, 1, 'admin/auth/menu', 'GET', '10.4.3.104', '[]', '2019-07-03 17:56:38', '2019-07-03 17:56:38'),
	(38, 1, 'admin/auth/menu', 'POST', '10.4.3.104', '{"_token":"2JzPHGpQqY3QdeUPAX2XPJXQDBBIUdaI8v4gbdIi","_order":"[{\\"id\\":1},{\\"id\\":8},{\\"id\\":2,\\"children\\":[{\\"id\\":3},{\\"id\\":4},{\\"id\\":5},{\\"id\\":6},{\\"id\\":7}]}]"}', '2019-07-03 17:56:42', '2019-07-03 17:56:42'),
	(39, 1, 'admin/auth/menu', 'GET', '10.4.3.104', '{"_pjax":"#pjax-container"}', '2019-07-03 17:56:42', '2019-07-03 17:56:42'),
	(40, 1, 'admin/auth/menu', 'GET', '10.4.3.104', '[]', '2019-07-03 17:56:47', '2019-07-03 17:56:47'),
	(41, 1, 'admin/users', 'GET', '10.4.3.104', '{"_pjax":"#pjax-container"}', '2019-07-03 17:56:49', '2019-07-03 17:56:49'),
	(42, 1, 'admin/users', 'GET', '10.4.3.104', '[]', '2019-07-03 18:00:21', '2019-07-03 18:00:21'),
	(43, 1, 'admin', 'GET', '10.4.3.104', '[]', '2019-07-04 10:12:34', '2019-07-04 10:12:34'),
	(44, 1, 'admin/users', 'GET', '10.4.3.104', '[]', '2019-07-04 10:51:54', '2019-07-04 10:51:54'),
	(45, 1, 'admin/users', 'GET', '10.4.3.104', '[]', '2019-07-04 10:52:47', '2019-07-04 10:52:47'),
	(46, 1, 'admin/users', 'GET', '10.4.3.104', '[]', '2019-07-04 11:13:41', '2019-07-04 11:13:41'),
	(47, 1, 'admin/users', 'GET', '10.4.3.104', '[]', '2019-07-04 11:14:12', '2019-07-04 11:14:12'),
	(48, 1, 'admin/users', 'GET', '10.4.3.104', '[]', '2019-07-04 11:14:37', '2019-07-04 11:14:37'),
	(49, 1, 'admin/users', 'GET', '10.4.3.104', '[]', '2019-07-04 11:15:45', '2019-07-04 11:15:45'),
	(50, 1, 'admin/users', 'GET', '10.4.3.104', '[]', '2019-07-04 11:16:34', '2019-07-04 11:16:34'),
	(51, 1, 'admin/users', 'GET', '10.4.3.104', '[]', '2019-07-04 11:17:40', '2019-07-04 11:17:40'),
	(52, 1, 'admin/auth/permissions', 'GET', '10.4.3.104', '{"_pjax":"#pjax-container"}', '2019-07-04 11:18:38', '2019-07-04 11:18:38'),
	(53, 1, 'admin/auth/permissions/create', 'GET', '10.4.3.104', '{"_pjax":"#pjax-container"}', '2019-07-04 11:18:39', '2019-07-04 11:18:39'),
	(54, 1, 'admin/auth/permissions', 'POST', '10.4.3.104', '{"slug":"users","name":"\\u7528\\u6237\\u7ba1\\u7406","http_method":[null],"http_path":"\\/users*","_token":"NK7EafmCidvdyVmszikoLVfLKulZFuHhiYMRZsAc","_previous_":"http:\\/\\/shop.test\\/admin\\/auth\\/permissions"}', '2019-07-04 11:18:59', '2019-07-04 11:18:59'),
	(55, 1, 'admin/auth/permissions', 'GET', '10.4.3.104', '[]', '2019-07-04 11:18:59', '2019-07-04 11:18:59'),
	(56, 1, 'admin/auth/roles', 'GET', '10.4.3.104', '{"_pjax":"#pjax-container"}', '2019-07-04 11:19:27', '2019-07-04 11:19:27'),
	(57, 1, 'admin/auth/roles/create', 'GET', '10.4.3.104', '{"_pjax":"#pjax-container"}', '2019-07-04 11:19:28', '2019-07-04 11:19:28'),
	(58, 1, 'admin/auth/roles', 'POST', '10.4.3.104', '{"slug":"operation","name":"\\u8fd0\\u8425","permissions":["2","3","4","6",null],"_token":"NK7EafmCidvdyVmszikoLVfLKulZFuHhiYMRZsAc","_previous_":"http:\\/\\/shop.test\\/admin\\/auth\\/roles"}', '2019-07-04 11:20:24', '2019-07-04 11:20:24'),
	(59, 1, 'admin/auth/roles', 'GET', '10.4.3.104', '[]', '2019-07-04 11:20:24', '2019-07-04 11:20:24'),
	(60, 1, 'admin/auth/users', 'GET', '10.4.3.104', '{"_pjax":"#pjax-container"}', '2019-07-04 11:20:36', '2019-07-04 11:20:36'),
	(61, 1, 'admin/auth/users/create', 'GET', '10.4.3.104', '{"_pjax":"#pjax-container"}', '2019-07-04 11:20:37', '2019-07-04 11:20:37'),
	(62, 1, 'admin/auth/users', 'POST', '10.4.3.104', '{"username":"Lee","name":"Lee","password":"123123","password_confirmation":"123123","roles":["2",null],"permissions":[null],"_token":"NK7EafmCidvdyVmszikoLVfLKulZFuHhiYMRZsAc","_previous_":"http:\\/\\/shop.test\\/admin\\/auth\\/users"}', '2019-07-04 11:21:03', '2019-07-04 11:21:03'),
	(63, 1, 'admin/auth/users', 'GET', '10.4.3.104', '[]', '2019-07-04 11:21:03', '2019-07-04 11:21:03'),
	(64, 1, 'admin/auth/logout', 'GET', '10.4.3.104', '{"_pjax":"#pjax-container"}', '2019-07-04 11:21:07', '2019-07-04 11:21:07'),
	(65, 2, 'admin', 'GET', '10.4.3.104', '[]', '2019-07-04 11:21:13', '2019-07-04 11:21:13'),
	(66, 2, 'admin/users', 'GET', '10.4.3.104', '{"_pjax":"#pjax-container"}', '2019-07-04 11:21:16', '2019-07-04 11:21:16'),
	(67, 2, 'admin/products', 'GET', '10.4.3.104', '[]', '2019-07-04 14:28:08', '2019-07-04 14:28:08'),
	(68, 2, 'admin/auth/logout', 'GET', '10.4.3.104', '{"_pjax":"#pjax-container"}', '2019-07-04 14:28:12', '2019-07-04 14:28:12'),
	(69, 1, 'admin', 'GET', '10.4.3.104', '[]', '2019-07-04 14:28:20', '2019-07-04 14:28:20'),
	(70, 1, 'admin/products', 'GET', '10.4.3.104', '[]', '2019-07-04 14:28:32', '2019-07-04 14:28:32'),
	(71, 1, 'admin/auth/menu', 'GET', '10.4.3.104', '{"_pjax":"#pjax-container"}', '2019-07-04 14:39:30', '2019-07-04 14:39:30'),
	(72, 1, 'admin/auth/menu', 'POST', '10.4.3.104', '{"parent_id":"0","title":"\\u5546\\u54c1\\u7ba1\\u7406","icon":"fa-cubes","uri":"\\/products","roles":[null],"permission":null,"_token":"sTURIY8OXwmoRa6rR3sbiuiCWhvXJi2mFgjLnsSj"}', '2019-07-04 14:40:25', '2019-07-04 14:40:25'),
	(73, 1, 'admin/auth/menu', 'GET', '10.4.3.104', '[]', '2019-07-04 14:40:25', '2019-07-04 14:40:25'),
	(74, 1, 'admin/auth/menu', 'POST', '10.4.3.104', '{"_token":"sTURIY8OXwmoRa6rR3sbiuiCWhvXJi2mFgjLnsSj","_order":"[{\\"id\\":1},{\\"id\\":8},{\\"id\\":9},{\\"id\\":2,\\"children\\":[{\\"id\\":3},{\\"id\\":4},{\\"id\\":5},{\\"id\\":6},{\\"id\\":7}]}]"}', '2019-07-04 14:40:31', '2019-07-04 14:40:31'),
	(75, 1, 'admin/auth/menu', 'GET', '10.4.3.104', '{"_pjax":"#pjax-container"}', '2019-07-04 14:40:31', '2019-07-04 14:40:31'),
	(76, 1, 'admin/auth/menu', 'GET', '10.4.3.104', '[]', '2019-07-04 14:40:34', '2019-07-04 14:40:34'),
	(77, 1, 'admin/products', 'GET', '10.4.3.104', '{"_pjax":"#pjax-container"}', '2019-07-04 14:40:36', '2019-07-04 14:40:36'),
	(78, 1, 'admin/products/create', 'GET', '10.4.3.104', '{"_pjax":"#pjax-container"}', '2019-07-04 15:08:15', '2019-07-04 15:08:15'),
	(79, 1, 'admin/products/create', 'GET', '10.4.3.104', '[]', '2019-07-04 15:08:39', '2019-07-04 15:08:39'),
	(80, 1, 'admin/products/create', 'GET', '10.4.3.104', '[]', '2019-07-04 15:08:45', '2019-07-04 15:08:45'),
	(81, 1, 'admin/products/create', 'GET', '10.4.3.104', '[]', '2019-07-04 15:08:46', '2019-07-04 15:08:46'),
	(82, 1, 'admin/products', 'GET', '10.4.3.104', '{"_pjax":"#pjax-container"}', '2019-07-04 15:08:58', '2019-07-04 15:08:58'),
	(83, 1, 'admin/products', 'GET', '10.4.3.104', '[]', '2019-07-04 15:08:59', '2019-07-04 15:08:59'),
	(84, 1, 'admin/products/create', 'GET', '10.4.3.104', '{"_pjax":"#pjax-container"}', '2019-07-04 15:09:01', '2019-07-04 15:09:01'),
	(85, 1, 'admin/products/create', 'GET', '10.4.3.104', '[]', '2019-07-04 15:09:37', '2019-07-04 15:09:37'),
	(86, 1, 'admin/products/create', 'GET', '10.4.3.104', '[]', '2019-07-04 15:09:47', '2019-07-04 15:09:47'),
	(87, 1, 'admin/products/create', 'GET', '10.4.3.104', '[]', '2019-07-04 15:09:48', '2019-07-04 15:09:48'),
	(88, 1, 'admin/products/create', 'GET', '10.4.3.104', '[]', '2019-07-04 15:09:49', '2019-07-04 15:09:49'),
	(89, 1, 'admin/products', 'GET', '10.4.3.104', '{"_pjax":"#pjax-container"}', '2019-07-04 15:09:50', '2019-07-04 15:09:50'),
	(90, 1, 'admin/products', 'GET', '10.4.3.104', '[]', '2019-07-04 15:09:50', '2019-07-04 15:09:50'),
	(91, 1, 'admin/products', 'GET', '10.4.3.104', '[]', '2019-07-04 16:31:07', '2019-07-04 16:31:07'),
	(92, 1, 'admin/products/create', 'GET', '10.4.3.104', '{"_pjax":"#pjax-container"}', '2019-07-04 16:31:09', '2019-07-04 16:31:09'),
	(93, 1, 'admin/products/create', 'GET', '10.4.3.104', '[]', '2019-07-04 16:32:20', '2019-07-04 16:32:20'),
	(94, 1, 'admin/products/create', 'GET', '10.4.3.104', '[]', '2019-07-04 16:32:21', '2019-07-04 16:32:21'),
	(95, 1, 'admin/products/create', 'GET', '10.4.3.104', '[]', '2019-07-04 16:32:21', '2019-07-04 16:32:21'),
	(96, 1, 'admin/products', 'GET', '10.4.3.104', '{"_pjax":"#pjax-container"}', '2019-07-04 16:39:24', '2019-07-04 16:39:24'),
	(97, 1, 'admin/products', 'GET', '10.4.3.104', '[]', '2019-07-04 16:39:25', '2019-07-04 16:39:25'),
	(98, 1, 'admin/products/create', 'GET', '10.4.3.104', '{"_pjax":"#pjax-container"}', '2019-07-04 16:39:27', '2019-07-04 16:39:27'),
	(99, 1, 'admin/products/create', 'GET', '10.4.3.104', '[]', '2019-07-04 16:40:42', '2019-07-04 16:40:42'),
	(100, 1, 'admin/products/create', 'GET', '10.4.3.104', '[]', '2019-07-04 16:40:43', '2019-07-04 16:40:43'),
	(101, 1, 'admin/products', 'POST', '10.4.3.104', '{"title":"\\u5c0fV\\u7626\\u8138\\u9488","description":"<p>\\u5c0fV\\u7626\\u8138\\u9488\\u7684<\\/p><p><img src=\\"http:\\/\\/shop.test\\/storage\\/uploads\\/image\\/2019\\/07\\/04\\/9642d9cfea8da379b795846d871d61be.jpg\\" title=\\"\\/uploads\\/image\\/2019\\/07\\/04\\/9642d9cfea8da379b795846d871d61be.jpg\\" alt=\\"5.jpg\\"\\/><\\/p>","on_sale":"on","skus":{"new_1":{"title":"1Ml","description":"\\u5c0fv\\u7626\\u8138\\u94881Ml","price":"233","stock":"89","id":null,"_remove_":"0"}},"_token":"sTURIY8OXwmoRa6rR3sbiuiCWhvXJi2mFgjLnsSj"}', '2019-07-04 16:41:49', '2019-07-04 16:41:49'),
	(102, 1, 'admin/products', 'GET', '10.4.3.104', '[]', '2019-07-04 16:41:49', '2019-07-04 16:41:49'),
	(103, 1, 'admin/products/1', 'PUT', '10.4.3.104', '{"on_sale":"off","_token":"sTURIY8OXwmoRa6rR3sbiuiCWhvXJi2mFgjLnsSj","_method":"PUT"}', '2019-07-04 16:41:51', '2019-07-04 16:41:51'),
	(104, 1, 'admin/products/1', 'PUT', '10.4.3.104', '{"on_sale":"on","_token":"sTURIY8OXwmoRa6rR3sbiuiCWhvXJi2mFgjLnsSj","_method":"PUT"}', '2019-07-04 16:41:53', '2019-07-04 16:41:53'),
	(105, 1, 'admin/products/1', 'PUT', '10.4.3.104', '{"on_sale":"off","_token":"sTURIY8OXwmoRa6rR3sbiuiCWhvXJi2mFgjLnsSj","_method":"PUT"}', '2019-07-04 16:41:57', '2019-07-04 16:41:57'),
	(106, 1, 'admin/products/1', 'PUT', '10.4.3.104', '{"on_sale":"on","_token":"sTURIY8OXwmoRa6rR3sbiuiCWhvXJi2mFgjLnsSj","_method":"PUT"}', '2019-07-04 16:41:58', '2019-07-04 16:41:58'),
	(107, 1, 'admin/products/1/edit', 'GET', '10.4.3.104', '{"_pjax":"#pjax-container"}', '2019-07-04 16:42:40', '2019-07-04 16:42:40'),
	(108, 1, 'admin/products/1', 'PUT', '10.4.3.104', '{"title":"\\u5c0fV\\u7626\\u8138\\u9488","description":"<p>\\u5c0fV\\u7626\\u8138\\u9488\\u7684<\\/p><p style=\\"text-align: center;\\"><img src=\\"http:\\/\\/shop.test\\/storage\\/uploads\\/image\\/2019\\/07\\/04\\/9642d9cfea8da379b795846d871d61be.jpg\\" title=\\"\\/uploads\\/image\\/2019\\/07\\/04\\/9642d9cfea8da379b795846d871d61be.jpg\\" alt=\\"5.jpg\\" width=\\"941\\" height=\\"1252\\" style=\\"width: 941px; height: 1252px;\\"\\/><\\/p><p>\\u554a\\u554a\\u554a<\\/p><p>\\u554a\\u624b\\u52a8\\u9600\\u624b\\u52a8\\u9600\\u963f\\u65af\\u8482\\u82ac<\\/p>","on_sale":"on","skus":{"1":{"title":"1Ml","description":"\\u5c0fv\\u7626\\u8138\\u94881Ml","price":"2323.00","stock":"89","id":"1","_remove_":"0"}},"_token":"sTURIY8OXwmoRa6rR3sbiuiCWhvXJi2mFgjLnsSj","_method":"PUT","_previous_":"http:\\/\\/shop.test\\/admin\\/products"}', '2019-07-04 16:43:35', '2019-07-04 16:43:35'),
	(109, 1, 'admin/products', 'GET', '10.4.3.104', '[]', '2019-07-04 16:43:35', '2019-07-04 16:43:35'),
	(110, 1, 'admin/products/1', 'PUT', '10.4.3.104', '{"on_sale":"off","_token":"sTURIY8OXwmoRa6rR3sbiuiCWhvXJi2mFgjLnsSj","_method":"PUT"}', '2019-07-04 16:47:18', '2019-07-04 16:47:18'),
	(111, 1, 'admin/products/1', 'PUT', '10.4.3.104', '{"on_sale":"on","_token":"sTURIY8OXwmoRa6rR3sbiuiCWhvXJi2mFgjLnsSj","_method":"PUT"}', '2019-07-04 16:47:22', '2019-07-04 16:47:22'),
	(112, 1, 'admin/products', 'GET', '10.4.3.104', '{"_pjax":"#pjax-container"}', '2019-07-04 16:57:19', '2019-07-04 16:57:19'),
	(113, 1, 'admin/products', 'GET', '10.4.3.104', '{"_pjax":"#pjax-container"}', '2019-07-04 16:57:20', '2019-07-04 16:57:20'),
	(114, 1, 'admin/products', 'GET', '10.4.3.104', '[]', '2019-07-04 16:59:25', '2019-07-04 16:59:25'),
	(115, 1, 'admin/products/1/edit', 'GET', '10.4.3.104', '{"_pjax":"#pjax-container"}', '2019-07-04 16:59:27', '2019-07-04 16:59:27'),
	(116, 1, 'admin/products/1', 'PUT', '10.4.3.104', '{"title":"\\u5c0fV\\u7626\\u8138\\u9488","description":"<p>\\u5c0fV\\u7626\\u8138\\u9488\\u7684<\\/p><p style=\\"text-align: center;\\"><img src=\\"http:\\/\\/shop.test\\/storage\\/uploads\\/image\\/2019\\/07\\/04\\/9642d9cfea8da379b795846d871d61be.jpg\\" title=\\"\\/uploads\\/image\\/2019\\/07\\/04\\/9642d9cfea8da379b795846d871d61be.jpg\\" alt=\\"5.jpg\\" width=\\"941\\" height=\\"1252\\" style=\\"width: 941px; height: 1252px;\\"\\/><\\/p><p>\\u554a\\u554a\\u554a<\\/p><p>\\u554a\\u624b\\u52a8\\u9600\\u624b\\u52a8\\u9600\\u963f\\u65af\\u8482\\u82ac<\\/p>","on_sale":"on","skus":{"1":{"title":"1Ml","description":"\\u5c0fv\\u7626\\u8138\\u94881Ml","price":"85","stock":"89","id":"1","_remove_":"0"}},"_token":"sTURIY8OXwmoRa6rR3sbiuiCWhvXJi2mFgjLnsSj","_method":"PUT","_previous_":"http:\\/\\/shop.test\\/admin\\/products"}', '2019-07-04 16:59:37', '2019-07-04 16:59:37'),
	(117, 1, 'admin/products', 'GET', '10.4.3.104', '[]', '2019-07-04 16:59:37', '2019-07-04 16:59:37'),
	(118, 1, 'admin/products', 'GET', '10.4.3.104', '[]', '2019-07-04 16:59:38', '2019-07-04 16:59:38'),
	(119, 1, 'admin/products', 'GET', '10.4.3.104', '[]', '2019-07-04 17:57:34', '2019-07-04 17:57:34'),
	(120, 1, 'admin/products', 'GET', '10.4.3.104', '[]', '2019-07-04 17:58:26', '2019-07-04 17:58:26'),
	(121, 1, 'admin/products', 'GET', '10.4.3.104', '[]', '2019-07-04 18:06:00', '2019-07-04 18:06:00'),
	(122, 1, 'admin/products/6/edit', 'GET', '10.4.3.104', '{"_pjax":"#pjax-container"}', '2019-07-05 15:25:28', '2019-07-05 15:25:28'),
	(123, 1, 'admin/products/6', 'PUT', '10.4.3.104', '{"title":"nesciunt","description":"<p>Odit quasi minus quibusdam modi omnis sunt.<\\/p>","on_sale":"off","skus":{"14":{"title":"voluptas","description":"Quasi dolores nisi similique explicabo odio.","price":"8759.00","stock":"88705","id":"14","_remove_":"0"},"15":{"title":"quia","description":"Quam optio neque eveniet facilis error odit cupiditate.","price":"1315.00","stock":"2833","id":"15","_remove_":"0"},"16":{"title":"voluptas","description":"Neque aspernatur rerum impedit eum beatae et saepe.","price":"6989.00","stock":"7056","id":"16","_remove_":"0"}},"_token":"xKsog4eraMRz72XahsnMO8bLWNEESlyycYriZjoe","_method":"PUT","_previous_":"http:\\/\\/shop.test\\/admin\\/products"}', '2019-07-05 15:25:34', '2019-07-05 15:25:34'),
	(124, 1, 'admin/products', 'GET', '10.4.3.104', '[]', '2019-07-05 15:25:34', '2019-07-05 15:25:34'),
	(125, 1, 'admin/products', 'GET', '10.4.3.104', '[]', '2019-07-05 15:26:23', '2019-07-05 15:26:23'),
	(126, 1, 'admin/products', 'GET', '10.4.3.104', '{"page":"2","_pjax":"#pjax-container"}', '2019-07-05 15:27:11', '2019-07-05 15:27:11'),
	(127, 1, 'admin/products', 'GET', '10.4.3.104', '{"page":"2"}', '2019-07-05 15:31:55', '2019-07-05 15:31:55'),
	(128, 1, 'admin/products/21', 'PUT', '10.4.3.104', '{"on_sale":"off","_token":"xKsog4eraMRz72XahsnMO8bLWNEESlyycYriZjoe","_method":"PUT"}', '2019-07-05 15:32:01', '2019-07-05 15:32:01'),
	(129, 1, 'admin/products', 'GET', '10.4.3.104', '{"page":"2"}', '2019-07-05 17:21:41', '2019-07-05 17:21:41'),
	(130, 1, 'admin', 'GET', '10.4.3.104', '[]', '2019-07-08 15:42:43', '2019-07-08 15:42:43'),
	(131, 1, 'admin/products', 'GET', '10.4.3.104', '{"_pjax":"#pjax-container"}', '2019-07-08 15:42:47', '2019-07-08 15:42:47'),
	(132, 1, 'admin/products/4', 'PUT', '10.4.3.104', '{"on_sale":"off","_token":"rMrcyz7ILjeP9CLYnz4ilD8dty19qxnaZyfjujNM","_method":"PUT"}', '2019-07-08 15:42:50', '2019-07-08 15:42:50'),
	(133, 1, 'admin/products/13', 'PUT', '10.4.3.104', '{"on_sale":"off","_token":"rMrcyz7ILjeP9CLYnz4ilD8dty19qxnaZyfjujNM","_method":"PUT"}', '2019-07-08 15:56:44', '2019-07-08 15:56:44'),
	(134, 1, 'admin/products', 'GET', '10.4.3.104', '[]', '2019-07-08 15:56:46', '2019-07-08 15:56:46'),
	(135, 1, 'admin/products/13/edit', 'GET', '10.4.3.104', '{"_pjax":"#pjax-container"}', '2019-07-08 15:56:52', '2019-07-08 15:56:52'),
	(136, 1, 'admin/products', 'GET', '10.4.3.104', '{"_pjax":"#pjax-container"}', '2019-07-08 15:56:59', '2019-07-08 15:56:59'),
	(137, 1, 'admin/products/13', 'PUT', '10.4.3.104', '{"on_sale":"on","_token":"rMrcyz7ILjeP9CLYnz4ilD8dty19qxnaZyfjujNM","_method":"PUT"}', '2019-07-08 15:57:03', '2019-07-08 15:57:03'),
	(138, 1, 'admin/products/4', 'PUT', '10.4.3.104', '{"on_sale":"on","_token":"rMrcyz7ILjeP9CLYnz4ilD8dty19qxnaZyfjujNM","_method":"PUT"}', '2019-07-08 15:57:05', '2019-07-08 15:57:05'),
	(139, 1, 'admin/products/6', 'PUT', '10.4.3.104', '{"on_sale":"on","_token":"rMrcyz7ILjeP9CLYnz4ilD8dty19qxnaZyfjujNM","_method":"PUT"}', '2019-07-08 15:57:06', '2019-07-08 15:57:06'),
	(140, 1, 'admin/products', 'GET', '10.4.3.104', '[]', '2019-07-08 15:57:07', '2019-07-08 15:57:07'),
	(141, 1, 'admin/products', 'GET', '10.4.3.104', '[]', '2019-07-08 15:57:39', '2019-07-08 15:57:39'),
	(142, 1, 'admin/products', 'GET', '10.4.3.104', '[]', '2019-07-08 16:11:16', '2019-07-08 16:11:16'),
	(143, 1, 'admin/products/4', 'PUT', '10.4.3.104', '{"on_sale":"off","_token":"rMrcyz7ILjeP9CLYnz4ilD8dty19qxnaZyfjujNM","_method":"PUT"}', '2019-07-08 16:11:18', '2019-07-08 16:11:18'),
	(144, 1, 'admin/products/4', 'PUT', '10.4.3.104', '{"on_sale":"on","_token":"rMrcyz7ILjeP9CLYnz4ilD8dty19qxnaZyfjujNM","_method":"PUT"}', '2019-07-08 16:11:19', '2019-07-08 16:11:19'),
	(145, 1, 'admin/products/4/edit', 'GET', '10.4.3.104', '{"_pjax":"#pjax-container"}', '2019-07-08 16:11:21', '2019-07-08 16:11:21'),
	(146, 1, 'admin/products/4', 'PUT', '10.4.3.104', '{"title":"voluptas","description":"<p>Eveniet aut voluptatem tempore voluptatibus.<\\/p>","on_sale":"on","skus":{"8":{"title":"vero","description":"Placeat et cum in.","price":"8840.00","stock":"37136","id":"8","_remove_":"0"},"9":{"title":"unde","description":"Suscipit aperiam ea accusantium voluptatem omnis dolorem id.","price":"4272.00","stock":"53793","id":"9","_remove_":"0"},"10":{"title":"dolorem","description":"Minima accusantium vel et iusto repudiandae.","price":"6009.00","stock":"97942","id":"10","_remove_":"0"}},"_token":"rMrcyz7ILjeP9CLYnz4ilD8dty19qxnaZyfjujNM","_method":"PUT","_previous_":"http:\\/\\/shop.test\\/admin\\/products"}', '2019-07-08 16:11:26', '2019-07-08 16:11:26'),
	(147, 1, 'admin/products', 'GET', '10.4.3.104', '[]', '2019-07-08 16:11:26', '2019-07-08 16:11:26'),
	(148, 1, 'admin/products/6/edit', 'GET', '10.4.3.104', '{"_pjax":"#pjax-container"}', '2019-07-08 16:11:30', '2019-07-08 16:11:30'),
	(149, 1, 'admin/products/6', 'PUT', '10.4.3.104', '{"title":"nesciunt","description":"<p>Odit quasi minus quibusdam modi omnis sunt.<\\/p>","on_sale":"on","skus":{"14":{"title":"voluptas","description":"Quasi dolores nisi similique explicabo odio.","price":"8759.00","stock":"88705","id":"14","_remove_":"0"},"15":{"title":"quia","description":"Quam optio neque eveniet facilis error odit cupiditate.","price":"1315.00","stock":"2833","id":"15","_remove_":"0"},"16":{"title":"voluptas","description":"Neque aspernatur rerum impedit eum beatae et saepe.","price":"6989.00","stock":"7056","id":"16","_remove_":"0"}},"_token":"rMrcyz7ILjeP9CLYnz4ilD8dty19qxnaZyfjujNM","_method":"PUT","_previous_":"http:\\/\\/shop.test\\/admin\\/products"}', '2019-07-08 16:11:32', '2019-07-08 16:11:32'),
	(150, 1, 'admin/products', 'GET', '10.4.3.104', '[]', '2019-07-08 16:11:32', '2019-07-08 16:11:32'),
	(151, 1, 'admin/products/13/edit', 'GET', '10.4.3.104', '{"_pjax":"#pjax-container"}', '2019-07-08 16:11:35', '2019-07-08 16:11:35'),
	(152, 1, 'admin/products/13', 'PUT', '10.4.3.104', '{"title":"nobis","description":"<p>Voluptas aut aut modi totam possimus.<\\/p>","on_sale":"on","skus":{"35":{"title":"minus","description":"Blanditiis culpa incidunt doloribus aut velit.","price":"9377.00","stock":"34353","id":"35","_remove_":"0"},"36":{"title":"omnis","description":"Quo velit distinctio explicabo officia modi.","price":"5173.00","stock":"75644","id":"36","_remove_":"0"},"37":{"title":"non","description":"Ut maiores eos natus.","price":"8848.00","stock":"78049","id":"37","_remove_":"0"}},"_token":"rMrcyz7ILjeP9CLYnz4ilD8dty19qxnaZyfjujNM","_method":"PUT","_previous_":"http:\\/\\/shop.test\\/admin\\/products"}', '2019-07-08 16:11:42', '2019-07-08 16:11:42'),
	(153, 1, 'admin/products', 'GET', '10.4.3.104', '[]', '2019-07-08 16:11:42', '2019-07-08 16:11:42'),
	(154, 1, 'admin/products', 'GET', '10.4.3.104', '[]', '2019-07-08 16:11:46', '2019-07-08 16:11:46'),
	(155, 1, 'admin/products', 'GET', '10.4.3.104', '[]', '2019-07-08 16:22:59', '2019-07-08 16:22:59'),
	(156, 1, 'admin/products/4', 'PUT', '10.4.3.104', '{"on_sale":"off","_token":"rMrcyz7ILjeP9CLYnz4ilD8dty19qxnaZyfjujNM","_method":"PUT"}', '2019-07-08 16:23:02', '2019-07-08 16:23:02'),
	(157, 1, 'admin/products', 'GET', '10.4.3.104', '[]', '2019-07-08 16:23:03', '2019-07-08 16:23:03'),
	(158, 1, 'admin/products/4', 'PUT', '10.4.3.104', '{"on_sale":"on","_token":"rMrcyz7ILjeP9CLYnz4ilD8dty19qxnaZyfjujNM","_method":"PUT"}', '2019-07-08 16:39:14', '2019-07-08 16:39:14'),
	(159, 1, 'admin/products', 'GET', '10.4.3.104', '[]', '2019-07-08 16:39:16', '2019-07-08 16:39:16'),
	(160, 1, 'admin', 'GET', '10.4.3.104', '[]', '2019-07-09 16:47:20', '2019-07-09 16:47:20'),
	(161, 1, 'admin/users', 'GET', '10.4.3.104', '{"_pjax":"#pjax-container"}', '2019-07-09 16:47:23', '2019-07-09 16:47:23'),
	(162, 1, 'admin/products', 'GET', '10.4.3.104', '{"_pjax":"#pjax-container"}', '2019-07-09 16:47:25', '2019-07-09 16:47:25'),
	(163, 1, 'admin/products/3', 'PUT', '10.4.3.104', '{"on_sale":"off","_token":"doFD40CJxY57uX4tOzD42KhX98lYUfNF1Taz5uDX","_method":"PUT"}', '2019-07-09 16:47:27', '2019-07-09 16:47:27'),
	(164, 1, 'admin', 'GET', '10.4.3.104', '[]', '2019-07-10 17:06:33', '2019-07-10 17:06:33'),
	(165, 1, 'admin', 'GET', '10.4.3.104', '[]', '2019-07-11 17:37:22', '2019-07-11 17:37:22'),
	(166, 1, 'admin/products', 'GET', '10.4.3.104', '{"_pjax":"#pjax-container"}', '2019-07-11 17:37:25', '2019-07-11 17:37:25'),
	(167, 1, 'admin/products/1/edit', 'GET', '10.4.3.104', '{"_pjax":"#pjax-container"}', '2019-07-11 17:37:28', '2019-07-11 17:37:28'),
	(168, 1, 'admin/products/1', 'PUT', '10.4.3.104', '{"title":"\\u5c0fV\\u7626\\u8138\\u9488","description":"<p>\\u5c0fV\\u7626\\u8138\\u9488\\u7684<\\/p><p style=\\"text-align: center;\\"><img src=\\"http:\\/\\/shop.test\\/storage\\/uploads\\/image\\/2019\\/07\\/04\\/9642d9cfea8da379b795846d871d61be.jpg\\" title=\\"\\/uploads\\/image\\/2019\\/07\\/04\\/9642d9cfea8da379b795846d871d61be.jpg\\" alt=\\"5.jpg\\" width=\\"941\\" height=\\"1252\\" style=\\"width: 941px; height: 1252px;\\"\\/><\\/p><p>\\u554a\\u554a\\u554a<\\/p><p>\\u554a\\u624b\\u52a8\\u9600\\u624b\\u52a8\\u9600\\u963f\\u65af\\u8482\\u82ac<\\/p>","on_sale":"on","skus":{"1":{"title":"1Ml","description":"\\u5c0fv\\u7626\\u8138\\u94881Ml","price":"0.01","stock":"84","id":"1","_remove_":"0"}},"_token":"9pXvQEfXp0myMRKSfzYLIvhqEBAyIZmsrRNY29GM","_method":"PUT","_previous_":"http:\\/\\/shop.test\\/admin\\/products"}', '2019-07-11 17:37:37', '2019-07-11 17:37:37'),
	(169, 1, 'admin/products', 'GET', '10.4.3.104', '[]', '2019-07-11 17:37:37', '2019-07-11 17:37:37'),
	(170, 1, 'admin', 'GET', '10.4.3.104', '[]', '2019-07-12 15:02:50', '2019-07-12 15:02:50'),
	(171, 1, 'admin/auth/menu', 'GET', '10.4.3.104', '{"_pjax":"#pjax-container"}', '2019-07-12 15:05:02', '2019-07-12 15:05:02'),
	(172, 1, 'admin/auth/menu', 'GET', '10.4.3.104', '[]', '2019-07-12 15:05:34', '2019-07-12 15:05:34'),
	(173, 1, 'admin/auth/menu', 'GET', '10.4.3.104', '[]', '2019-07-12 15:05:38', '2019-07-12 15:05:38'),
	(174, 1, 'admin/auth/menu', 'POST', '10.4.3.104', '{"parent_id":"0","title":"\\u8ba2\\u5355\\u7ba1\\u7406","icon":"fa-rmb","uri":"\\/orders","roles":[null],"permission":null,"_token":"eKKBLcOkAOAgI6VsEpwcnsAwhmM7K8VVpAhS5oyY"}', '2019-07-12 15:06:08', '2019-07-12 15:06:08'),
	(175, 1, 'admin/auth/menu', 'GET', '10.4.3.104', '[]', '2019-07-12 15:06:08', '2019-07-12 15:06:08'),
	(176, 1, 'admin/auth/menu', 'POST', '10.4.3.104', '{"_token":"eKKBLcOkAOAgI6VsEpwcnsAwhmM7K8VVpAhS5oyY","_order":"[{\\"id\\":1},{\\"id\\":8},{\\"id\\":9},{\\"id\\":10},{\\"id\\":2,\\"children\\":[{\\"id\\":3},{\\"id\\":4},{\\"id\\":5},{\\"id\\":6},{\\"id\\":7}]}]"}', '2019-07-12 15:06:16', '2019-07-12 15:06:16'),
	(177, 1, 'admin/auth/menu', 'GET', '10.4.3.104', '{"_pjax":"#pjax-container"}', '2019-07-12 15:06:16', '2019-07-12 15:06:16'),
	(178, 1, 'admin', 'GET', '10.4.3.104', '{"_pjax":"#pjax-container"}', '2019-07-12 15:06:17', '2019-07-12 15:06:17'),
	(179, 1, 'admin', 'GET', '10.4.3.104', '[]', '2019-07-12 15:06:18', '2019-07-12 15:06:18'),
	(180, 1, 'admin/orders', 'GET', '10.4.3.104', '{"_pjax":"#pjax-container"}', '2019-07-12 15:06:20', '2019-07-12 15:06:20'),
	(181, 1, 'admin/orders', 'GET', '10.4.3.104', '[]', '2019-07-12 15:06:20', '2019-07-12 15:06:20'),
	(182, 1, 'admin/orders', 'GET', '10.4.3.104', '[]', '2019-07-12 15:07:08', '2019-07-12 15:07:08'),
	(183, 1, 'admin/orders', 'GET', '10.4.3.104', '[]', '2019-07-12 15:11:49', '2019-07-12 15:11:49'),
	(184, 1, 'admin/orders', 'GET', '10.4.3.104', '[]', '2019-07-12 15:12:12', '2019-07-12 15:12:12'),
	(185, 1, 'admin/orders/19', 'GET', '10.4.3.104', '{"_pjax":"#pjax-container"}', '2019-07-12 15:13:35', '2019-07-12 15:13:35'),
	(186, 1, 'admin/orders/19', 'GET', '10.4.3.104', '[]', '2019-07-12 15:13:35', '2019-07-12 15:13:35'),
	(187, 1, 'admin/orders/19', 'GET', '10.4.3.104', '[]', '2019-07-12 15:17:18', '2019-07-12 15:17:18'),
	(188, 1, 'admin/orders/19', 'GET', '10.4.3.104', '[]', '2019-07-12 15:21:12', '2019-07-12 15:21:12'),
	(189, 1, 'admin/orders/19', 'GET', '10.4.3.104', '[]', '2019-07-12 15:21:34', '2019-07-12 15:21:34'),
	(190, 1, 'admin/orders/19', 'GET', '10.4.3.104', '[]', '2019-07-12 15:22:07', '2019-07-12 15:22:07'),
	(191, 1, 'admin', 'GET', '10.4.3.104', '{"_pjax":"#pjax-container"}', '2019-07-12 16:14:03', '2019-07-12 16:14:03'),
	(192, 1, 'admin/orders', 'GET', '10.4.3.104', '{"_pjax":"#pjax-container"}', '2019-07-12 16:14:05', '2019-07-12 16:14:05'),
	(193, 1, 'admin/orders/19', 'GET', '10.4.3.104', '{"_pjax":"#pjax-container"}', '2019-07-12 16:17:47', '2019-07-12 16:17:47'),
	(194, 1, 'admin/orders', 'GET', '10.4.3.104', '[]', '2019-07-12 16:17:47', '2019-07-12 16:17:47'),
	(195, 1, 'admin/orders', 'GET', '10.4.3.104', '[]', '2019-07-12 16:19:31', '2019-07-12 16:19:31'),
	(196, 1, 'admin/orders/19', 'GET', '10.4.3.104', '{"_pjax":"#pjax-container"}', '2019-07-12 16:19:33', '2019-07-12 16:19:33'),
	(197, 1, 'admin/orders', 'GET', '10.4.3.104', '[]', '2019-07-12 16:19:33', '2019-07-12 16:19:33'),
	(198, 1, 'admin/orders', 'GET', '10.4.3.104', '[]', '2019-07-12 16:20:41', '2019-07-12 16:20:41'),
	(199, 1, 'admin/orders/19', 'GET', '10.4.3.104', '{"_pjax":"#pjax-container"}', '2019-07-12 16:20:43', '2019-07-12 16:20:43'),
	(200, 1, 'admin/orders', 'GET', '10.4.3.104', '[]', '2019-07-12 16:20:43', '2019-07-12 16:20:43'),
	(201, 1, 'admin/orders', 'GET', '10.4.3.104', '[]', '2019-07-12 16:20:56', '2019-07-12 16:20:56'),
	(202, 1, 'admin/orders/19', 'GET', '10.4.3.104', '{"_pjax":"#pjax-container"}', '2019-07-12 16:20:57', '2019-07-12 16:20:57'),
	(203, 1, 'admin/orders', 'GET', '10.4.3.104', '[]', '2019-07-12 16:20:58', '2019-07-12 16:20:58'),
	(204, 1, 'admin/orders/19', 'GET', '10.4.3.104', '{"_pjax":"#pjax-container"}', '2019-07-12 16:21:35', '2019-07-12 16:21:35'),
	(205, 1, 'admin/orders', 'GET', '10.4.3.104', '[]', '2019-07-12 16:21:35', '2019-07-12 16:21:35'),
	(206, 1, 'admin/orders', 'GET', '10.4.3.104', '[]', '2019-07-12 16:21:36', '2019-07-12 16:21:36'),
	(207, 1, 'admin/orders/19', 'GET', '10.4.3.104', '{"_pjax":"#pjax-container"}', '2019-07-12 16:21:37', '2019-07-12 16:21:37'),
	(208, 1, 'admin/orders', 'GET', '10.4.3.104', '[]', '2019-07-12 16:21:38', '2019-07-12 16:21:38'),
	(209, 1, 'admin/orders', 'GET', '10.4.3.104', '[]', '2019-07-12 16:21:58', '2019-07-12 16:21:58'),
	(210, 1, 'admin/orders/19', 'GET', '10.4.3.104', '{"_pjax":"#pjax-container"}', '2019-07-12 16:22:00', '2019-07-12 16:22:00'),
	(211, 1, 'admin/orders/19', 'GET', '10.4.3.104', '[]', '2019-07-12 16:22:24', '2019-07-12 16:22:24'),
	(212, 1, 'admin/orders/19', 'GET', '10.4.3.104', '[]', '2019-07-12 16:22:39', '2019-07-12 16:22:39'),
	(213, 1, 'admin/orders', 'GET', '10.4.3.104', '{"_pjax":"#pjax-container"}', '2019-07-12 16:22:47', '2019-07-12 16:22:47'),
	(214, 1, 'admin/orders', 'GET', '10.4.3.104', '{"_pjax":"#pjax-container","_sort":{"column":"total_amount","type":"desc"}}', '2019-07-12 16:22:57', '2019-07-12 16:22:57'),
	(215, 1, 'admin/orders', 'GET', '10.4.3.104', '{"_pjax":"#pjax-container","_sort":{"column":"total_amount","type":"asc"}}', '2019-07-12 16:22:59', '2019-07-12 16:22:59'),
	(216, 1, 'admin/orders', 'GET', '10.4.3.104', '{"_pjax":"#pjax-container","_sort":{"column":"total_amount","type":"desc"}}', '2019-07-12 16:22:59', '2019-07-12 16:22:59'),
	(217, 1, 'admin/orders', 'GET', '10.4.3.104', '{"_sort":{"column":"total_amount","type":"desc"}}', '2019-07-12 16:24:31', '2019-07-12 16:24:31'),
	(218, 1, 'admin/orders/19', 'GET', '10.4.3.104', '{"_pjax":"#pjax-container"}', '2019-07-12 16:24:32', '2019-07-12 16:24:32'),
	(219, 1, 'admin/orders', 'GET', '10.4.3.104', '{"_sort":{"column":"total_amount","type":"desc"}}', '2019-07-12 16:24:33', '2019-07-12 16:24:33'),
	(220, 1, 'admin/orders', 'GET', '10.4.3.104', '{"_sort":{"column":"total_amount","type":"desc"}}', '2019-07-12 16:25:55', '2019-07-12 16:25:55'),
	(221, 1, 'admin/orders/17', 'GET', '10.4.3.104', '{"_pjax":"#pjax-container"}', '2019-07-12 16:25:57', '2019-07-12 16:25:57'),
	(222, 1, 'admin/orders', 'GET', '10.4.3.104', '{"_sort":{"column":"total_amount","type":"desc"}}', '2019-07-12 16:25:57', '2019-07-12 16:25:57'),
	(223, 1, 'admin/orders', 'GET', '10.4.3.104', '{"_sort":{"column":"total_amount","type":"desc"}}', '2019-07-12 16:26:41', '2019-07-12 16:26:41'),
	(224, 1, 'admin/orders/17', 'GET', '10.4.3.104', '{"_pjax":"#pjax-container"}', '2019-07-12 16:26:43', '2019-07-12 16:26:43'),
	(225, 1, 'admin/orders', 'GET', '10.4.3.104', '[]', '2019-07-12 16:45:18', '2019-07-12 16:45:18'),
	(226, 1, 'admin/orders/17', 'GET', '10.4.3.104', '[]', '2019-07-12 16:45:46', '2019-07-12 16:45:46'),
	(227, 1, 'admin/orders', 'GET', '10.4.3.104', '{"_pjax":"#pjax-container"}', '2019-07-12 16:53:24', '2019-07-12 16:53:24'),
	(228, 1, 'admin/orders', 'GET', '10.4.3.104', '[]', '2019-07-12 16:53:25', '2019-07-12 16:53:25'),
	(229, 1, 'admin/orders/17', 'GET', '10.4.3.104', '{"_pjax":"#pjax-container"}', '2019-07-12 16:53:28', '2019-07-12 16:53:28'),
	(230, 1, 'admin/orders', 'GET', '10.4.3.104', '{"_pjax":"#pjax-container"}', '2019-07-12 16:53:29', '2019-07-12 16:53:29'),
	(231, 1, 'admin/orders', 'GET', '10.4.3.104', '[]', '2019-07-12 16:53:30', '2019-07-12 16:53:30'),
	(232, 1, 'admin/orders', 'GET', '10.4.3.104', '[]', '2019-07-12 16:54:05', '2019-07-12 16:54:05'),
	(233, 1, 'admin/orders/17', 'GET', '10.4.3.104', '{"_pjax":"#pjax-container"}', '2019-07-12 16:54:07', '2019-07-12 16:54:07'),
	(234, 1, 'admin/orders', 'GET', '10.4.3.104', '{"_pjax":"#pjax-container"}', '2019-07-12 16:54:08', '2019-07-12 16:54:08'),
	(235, 1, 'admin/orders', 'GET', '10.4.3.104', '[]', '2019-07-12 16:55:46', '2019-07-12 16:55:46'),
	(236, 1, 'admin/orders', 'GET', '10.4.3.104', '[]', '2019-07-12 17:50:58', '2019-07-12 17:50:58'),
	(237, 1, 'admin/orders/17', 'GET', '10.4.3.104', '{"_pjax":"#pjax-container"}', '2019-07-12 17:51:00', '2019-07-12 17:51:00'),
	(238, 1, 'admin/orders', 'GET', '10.4.3.104', '[]', '2019-07-12 17:51:00', '2019-07-12 17:51:00'),
	(239, 1, 'admin/orders', 'GET', '10.4.3.104', '[]', '2019-07-12 17:51:25', '2019-07-12 17:51:25'),
	(240, 1, 'admin/orders/17', 'GET', '10.4.3.104', '{"_pjax":"#pjax-container"}', '2019-07-12 17:51:26', '2019-07-12 17:51:26'),
	(241, 1, 'admin/orders/17', 'GET', '10.4.3.104', '[]', '2019-07-12 17:52:16', '2019-07-12 17:52:16'),
	(242, 1, 'admin/orders/17', 'GET', '10.4.3.104', '[]', '2019-07-12 17:52:30', '2019-07-12 17:52:30'),
	(243, 1, 'admin/orders/17', 'GET', '10.4.3.104', '[]', '2019-07-12 17:52:35', '2019-07-12 17:52:35'),
	(244, 1, 'admin/orders/17', 'GET', '10.4.3.104', '[]', '2019-07-12 17:53:30', '2019-07-12 17:53:30'),
	(245, 1, 'admin/orders/17/ship', 'POST', '10.4.3.104', '{"_token":"eKKBLcOkAOAgI6VsEpwcnsAwhmM7K8VVpAhS5oyY","express_company":"\\u987a\\u4e30","express_no":"00123123132"}', '2019-07-12 17:53:35', '2019-07-12 17:53:35'),
	(246, 1, 'admin/orders/17/ship', 'POST', '10.4.3.104', '{"_token":"eKKBLcOkAOAgI6VsEpwcnsAwhmM7K8VVpAhS5oyY","express_company":"\\u987a\\u4e30","express_no":"00123123132"}', '2019-07-12 17:56:39', '2019-07-12 17:56:39'),
	(247, 1, 'admin/orders/17/ship', 'POST', '10.4.3.104', '{"_token":"eKKBLcOkAOAgI6VsEpwcnsAwhmM7K8VVpAhS5oyY","express_company":"\\u987a\\u4e30","express_no":"00123123132"}', '2019-07-12 17:56:43', '2019-07-12 17:56:43'),
	(248, 1, 'admin/orders/17/ship', 'POST', '10.4.3.104', '{"_token":"eKKBLcOkAOAgI6VsEpwcnsAwhmM7K8VVpAhS5oyY","express_company":null,"express_no":null}', '2019-07-12 17:56:48', '2019-07-12 17:56:48'),
	(249, 1, 'admin/orders/17/ship', 'POST', '10.4.3.104', '{"_token":"eKKBLcOkAOAgI6VsEpwcnsAwhmM7K8VVpAhS5oyY","express_company":null,"express_no":null}', '2019-07-12 18:00:13', '2019-07-12 18:00:13'),
	(250, 1, 'admin/orders/17/ship', 'POST', '10.4.3.104', '{"_token":"eKKBLcOkAOAgI6VsEpwcnsAwhmM7K8VVpAhS5oyY","express_company":null,"express_no":null}', '2019-07-12 18:00:56', '2019-07-12 18:00:56'),
	(251, 1, 'admin/orders/17/ship', 'POST', '10.4.3.104', '{"_token":"eKKBLcOkAOAgI6VsEpwcnsAwhmM7K8VVpAhS5oyY","express_company":null,"express_no":null}', '2019-07-12 18:03:18', '2019-07-12 18:03:18'),
	(252, 1, 'admin/orders/17/ship', 'POST', '10.4.3.104', '{"_token":"eKKBLcOkAOAgI6VsEpwcnsAwhmM7K8VVpAhS5oyY","express_company":null,"express_no":null}', '2019-07-12 18:03:51', '2019-07-12 18:03:51'),
	(253, 1, 'admin/orders/17/ship', 'POST', '10.4.3.104', '{"_token":"eKKBLcOkAOAgI6VsEpwcnsAwhmM7K8VVpAhS5oyY","express_company":null,"express_no":null}', '2019-07-12 18:06:32', '2019-07-12 18:06:32'),
	(254, 1, 'admin/orders/17/ship', 'POST', '10.4.3.104', '{"_token":"eKKBLcOkAOAgI6VsEpwcnsAwhmM7K8VVpAhS5oyY","express_company":null,"express_no":null}', '2019-07-12 18:07:36', '2019-07-12 18:07:36'),
	(255, 1, 'admin/orders/17/ship', 'POST', '10.4.3.104', '{"_token":"eKKBLcOkAOAgI6VsEpwcnsAwhmM7K8VVpAhS5oyY","express_company":null,"express_no":null}', '2019-07-12 18:11:05', '2019-07-12 18:11:05'),
	(256, 1, 'admin/orders/17/ship', 'POST', '10.4.3.104', '{"_token":"eKKBLcOkAOAgI6VsEpwcnsAwhmM7K8VVpAhS5oyY","express_company":null,"express_no":null}', '2019-07-12 18:11:44', '2019-07-12 18:11:44'),
	(257, 1, 'admin/orders/17/ship', 'POST', '10.4.3.104', '{"_token":"eKKBLcOkAOAgI6VsEpwcnsAwhmM7K8VVpAhS5oyY","express_company":null,"express_no":null}', '2019-07-12 18:12:17', '2019-07-12 18:12:17'),
	(258, 1, 'admin/orders/17/ship', 'POST', '10.4.3.104', '{"_token":"eKKBLcOkAOAgI6VsEpwcnsAwhmM7K8VVpAhS5oyY","express_company":null,"express_no":null}', '2019-07-12 18:12:27', '2019-07-12 18:12:27'),
	(259, 1, 'admin/orders/17', 'GET', '10.4.3.104', '[]', '2019-07-13 09:24:07', '2019-07-13 09:24:07'),
	(260, 1, 'admin/orders/17/ship', 'POST', '10.4.3.104', '{"_token":"2q1EeqYa03ARnF8rI2BwKToDYO9DANBbikwa0wn8","express_company":null,"express_no":null}', '2019-07-13 09:24:09', '2019-07-13 09:24:09'),
	(261, 1, 'admin/orders/17/ship', 'POST', '10.4.3.104', '{"_token":"2q1EeqYa03ARnF8rI2BwKToDYO9DANBbikwa0wn8","express_company":null,"express_no":null}', '2019-07-13 09:27:33', '2019-07-13 09:27:33'),
	(262, 1, 'admin/orders/17/ship', 'POST', '10.4.3.104', '{"_token":"2q1EeqYa03ARnF8rI2BwKToDYO9DANBbikwa0wn8","express_company":null,"express_no":null}', '2019-07-13 09:27:49', '2019-07-13 09:27:49'),
	(263, 1, 'admin/orders/17', 'GET', '10.4.3.104', '[]', '2019-07-13 09:27:56', '2019-07-13 09:27:56'),
	(264, 1, 'admin/orders/17', 'GET', '10.4.3.104', '[]', '2019-07-13 09:28:04', '2019-07-13 09:28:04'),
	(265, 1, 'admin/orders/17/ship', 'POST', '10.4.3.104', '{"_token":"2q1EeqYa03ARnF8rI2BwKToDYO9DANBbikwa0wn8","express_company":"\\u987a\\u4e30","express_no":"00123123132"}', '2019-07-13 09:28:12', '2019-07-13 09:28:12'),
	(266, 1, 'admin/orders/17/ship', 'POST', '10.4.3.104', '{"_token":"2q1EeqYa03ARnF8rI2BwKToDYO9DANBbikwa0wn8","express_company":"\\u987a\\u4e30","express_no":"00123123132"}', '2019-07-13 09:41:48', '2019-07-13 09:41:48'),
	(267, 1, 'admin/orders/17/ship', 'POST', '10.4.3.104', '{"_token":"2q1EeqYa03ARnF8rI2BwKToDYO9DANBbikwa0wn8","express_company":"\\u987a\\u4e30","express_no":"00123123132"}', '2019-07-13 09:44:56', '2019-07-13 09:44:56'),
	(268, 1, 'admin/orders/17/ship', 'POST', '10.4.3.104', '{"_token":"2q1EeqYa03ARnF8rI2BwKToDYO9DANBbikwa0wn8","express_company":"\\u987a\\u4e30","express_no":"00123123132"}', '2019-07-13 09:45:36', '2019-07-13 09:45:36'),
	(269, 1, 'admin/orders/17/ship', 'POST', '10.4.3.104', '{"_token":"2q1EeqYa03ARnF8rI2BwKToDYO9DANBbikwa0wn8","express_company":"\\u987a\\u4e30","express_no":"00123123132"}', '2019-07-13 09:45:48', '2019-07-13 09:45:48'),
	(270, 1, 'admin/orders/17', 'GET', '10.4.3.104', '[]', '2019-07-13 09:45:49', '2019-07-13 09:45:49'),
	(271, 1, 'admin/orders/17', 'GET', '10.4.3.104', '[]', '2019-07-13 09:45:52', '2019-07-13 09:45:52'),
	(272, 1, 'admin/products', 'GET', '10.4.3.104', '{"_pjax":"#pjax-container"}', '2019-07-13 09:45:54', '2019-07-13 09:45:54'),
	(273, 1, 'admin/orders', 'GET', '10.4.3.104', '{"_pjax":"#pjax-container"}', '2019-07-13 09:45:57', '2019-07-13 09:45:57'),
	(274, 1, 'admin/orders/18', 'GET', '10.4.3.104', '{"_pjax":"#pjax-container"}', '2019-07-13 09:46:00', '2019-07-13 09:46:00'),
	(275, 1, 'admin/orders/18/ship', 'POST', '10.4.3.104', '{"_token":"2q1EeqYa03ARnF8rI2BwKToDYO9DANBbikwa0wn8","express_company":null,"express_no":null}', '2019-07-13 09:46:01', '2019-07-13 09:46:01'),
	(276, 1, 'admin/orders/18', 'GET', '10.4.3.104', '[]', '2019-07-13 09:46:01', '2019-07-13 09:46:01'),
	(277, 1, 'admin/orders/18', 'GET', '10.4.3.104', '[]', '2019-07-13 10:06:12', '2019-07-13 10:06:12'),
	(278, 1, 'admin/orders/18/ship', 'POST', '10.4.3.104', '{"_token":"2q1EeqYa03ARnF8rI2BwKToDYO9DANBbikwa0wn8","express_company":null,"express_no":null}', '2019-07-13 10:06:13', '2019-07-13 10:06:13'),
	(279, 1, 'admin/orders/18', 'GET', '10.4.3.104', '[]', '2019-07-13 10:06:13', '2019-07-13 10:06:13'),
	(280, 1, 'admin/orders/18', 'GET', '10.4.3.104', '[]', '2019-07-13 10:07:14', '2019-07-13 10:07:14'),
	(281, 1, 'admin/orders/18/ship', 'POST', '10.4.3.104', '{"_token":"2q1EeqYa03ARnF8rI2BwKToDYO9DANBbikwa0wn8","express_company":null,"express_no":null}', '2019-07-13 10:07:15', '2019-07-13 10:07:15'),
	(282, 1, 'admin/orders/18', 'GET', '10.4.3.104', '[]', '2019-07-13 10:07:15', '2019-07-13 10:07:15'),
	(283, 1, 'admin/orders/18/ship', 'POST', '10.4.3.104', '{"_token":"2q1EeqYa03ARnF8rI2BwKToDYO9DANBbikwa0wn8","express_company":null,"express_no":null}', '2019-07-13 10:08:01', '2019-07-13 10:08:01'),
	(284, 1, 'admin/orders/18', 'GET', '10.4.3.104', '[]', '2019-07-13 10:08:01', '2019-07-13 10:08:01'),
	(285, 1, 'admin/orders/18', 'GET', '10.4.3.104', '[]', '2019-07-13 10:08:02', '2019-07-13 10:08:02'),
	(286, 1, 'admin/orders/18/ship', 'POST', '10.4.3.104', '{"_token":"2q1EeqYa03ARnF8rI2BwKToDYO9DANBbikwa0wn8","express_company":null,"express_no":null}', '2019-07-13 10:08:04', '2019-07-13 10:08:04'),
	(287, 1, 'admin/orders/18', 'GET', '10.4.3.104', '[]', '2019-07-13 10:08:04', '2019-07-13 10:08:04'),
	(288, 1, 'admin/orders/18/ship', 'POST', '10.4.3.104', '{"_token":"2q1EeqYa03ARnF8rI2BwKToDYO9DANBbikwa0wn8","express_company":null,"express_no":null}', '2019-07-13 10:08:06', '2019-07-13 10:08:06'),
	(289, 1, 'admin/orders/18', 'GET', '10.4.3.104', '[]', '2019-07-13 10:08:06', '2019-07-13 10:08:06'),
	(290, 1, 'admin/orders/18', 'GET', '10.4.3.104', '[]', '2019-07-13 10:08:17', '2019-07-13 10:08:17'),
	(291, 1, 'admin/orders/18/ship', 'POST', '10.4.3.104', '{"_token":"2q1EeqYa03ARnF8rI2BwKToDYO9DANBbikwa0wn8","express_company":null,"express_no":null}', '2019-07-13 10:08:18', '2019-07-13 10:08:18'),
	(292, 1, 'admin/orders/18', 'GET', '10.4.3.104', '[]', '2019-07-13 10:08:18', '2019-07-13 10:08:18'),
	(293, 1, 'admin/orders/18', 'GET', '10.4.3.104', '[]', '2019-07-13 10:10:16', '2019-07-13 10:10:16'),
	(294, 1, 'admin/orders/18/ship', 'POST', '10.4.3.104', '{"_token":"2q1EeqYa03ARnF8rI2BwKToDYO9DANBbikwa0wn8","express_company":null,"express_no":null}', '2019-07-13 10:10:18', '2019-07-13 10:10:18'),
	(295, 1, 'admin/orders/18/ship', 'POST', '10.4.3.104', '{"_token":"2q1EeqYa03ARnF8rI2BwKToDYO9DANBbikwa0wn8","express_company":null,"express_no":null}', '2019-07-13 10:10:33', '2019-07-13 10:10:33'),
	(296, 1, 'admin/orders/18', 'GET', '10.4.3.104', '[]', '2019-07-13 10:10:35', '2019-07-13 10:10:35'),
	(297, 1, 'admin/orders/18', 'GET', '10.4.3.104', '[]', '2019-07-13 10:10:36', '2019-07-13 10:10:36'),
	(298, 1, 'admin/orders/18/ship', 'POST', '10.4.3.104', '{"_token":"2q1EeqYa03ARnF8rI2BwKToDYO9DANBbikwa0wn8","express_company":null,"express_no":null}', '2019-07-13 10:10:37', '2019-07-13 10:10:37'),
	(299, 1, 'admin/orders/18/ship', 'POST', '10.4.3.104', '{"_token":"2q1EeqYa03ARnF8rI2BwKToDYO9DANBbikwa0wn8","express_company":null,"express_no":null}', '2019-07-13 10:11:08', '2019-07-13 10:11:08'),
	(300, 1, 'admin/orders/18', 'GET', '10.4.3.104', '[]', '2019-07-13 10:11:08', '2019-07-13 10:11:08'),
	(301, 1, 'admin/orders/18', 'GET', '10.4.3.104', '[]', '2019-07-13 10:13:04', '2019-07-13 10:13:04'),
	(302, 1, 'admin/orders/18/ship', 'POST', '10.4.3.104', '{"_token":"2q1EeqYa03ARnF8rI2BwKToDYO9DANBbikwa0wn8","express_company":null,"express_no":null}', '2019-07-13 10:13:06', '2019-07-13 10:13:06'),
	(303, 1, 'admin/orders/18/ship', 'POST', '10.4.3.104', '{"_token":"2q1EeqYa03ARnF8rI2BwKToDYO9DANBbikwa0wn8","express_company":null,"express_no":null}', '2019-07-13 10:13:36', '2019-07-13 10:13:36'),
	(304, 1, 'admin/orders/18', 'GET', '10.4.3.104', '[]', '2019-07-13 10:13:36', '2019-07-13 10:13:36'),
	(305, 1, 'admin/orders/18', 'GET', '10.4.3.104', '[]', '2019-07-13 10:14:57', '2019-07-13 10:14:57'),
	(306, 1, 'admin/orders/18', 'GET', '10.4.3.104', '[]', '2019-07-13 10:40:04', '2019-07-13 10:40:04'),
	(307, 1, 'admin/orders/18/ship', 'POST', '10.4.3.104', '{"_token":"2q1EeqYa03ARnF8rI2BwKToDYO9DANBbikwa0wn8","express_company":null,"express_no":null}', '2019-07-13 10:40:06', '2019-07-13 10:40:06'),
	(308, 1, 'admin/orders/18', 'GET', '10.4.3.104', '[]', '2019-07-13 10:40:06', '2019-07-13 10:40:06'),
	(309, 1, 'admin/orders/18', 'GET', '10.4.3.104', '[]', '2019-07-13 10:40:29', '2019-07-13 10:40:29'),
	(310, 1, 'admin/orders/18/ship', 'POST', '10.4.3.104', '{"_token":"2q1EeqYa03ARnF8rI2BwKToDYO9DANBbikwa0wn8","express_company":null,"express_no":null}', '2019-07-13 10:40:31', '2019-07-13 10:40:31'),
	(311, 1, 'admin/orders/18', 'GET', '10.4.3.104', '[]', '2019-07-13 10:40:31', '2019-07-13 10:40:31'),
	(312, 1, 'admin/orders/18', 'GET', '10.4.3.104', '[]', '2019-07-13 10:40:45', '2019-07-13 10:40:45'),
	(313, 1, 'admin/orders/18/ship', 'POST', '10.4.3.104', '{"_token":"2q1EeqYa03ARnF8rI2BwKToDYO9DANBbikwa0wn8","express_company":null,"express_no":null}', '2019-07-13 10:40:46', '2019-07-13 10:40:46'),
	(314, 1, 'admin/orders/18', 'GET', '10.4.3.104', '[]', '2019-07-13 10:40:46', '2019-07-13 10:40:46'),
	(315, 1, 'admin/orders/18', 'GET', '10.4.3.104', '[]', '2019-07-13 10:40:52', '2019-07-13 10:40:52'),
	(316, 1, 'admin/orders/18/ship', 'POST', '10.4.3.104', '{"_token":"2q1EeqYa03ARnF8rI2BwKToDYO9DANBbikwa0wn8","express_company":null,"express_no":null}', '2019-07-13 10:40:53', '2019-07-13 10:40:53'),
	(317, 1, 'admin/orders/18', 'GET', '10.4.3.104', '[]', '2019-07-13 10:40:53', '2019-07-13 10:40:53'),
	(318, 1, 'admin/orders/18', 'GET', '10.4.3.104', '[]', '2019-07-13 11:36:08', '2019-07-13 11:36:08'),
	(319, 1, 'admin/orders', 'GET', '10.4.3.104', '{"_pjax":"#pjax-container"}', '2019-07-13 11:36:11', '2019-07-13 11:36:11'),
	(320, 1, 'admin/orders/17', 'GET', '10.4.3.104', '{"_pjax":"#pjax-container"}', '2019-07-13 11:36:16', '2019-07-13 11:36:16'),
	(321, 1, 'admin/orders', 'GET', '10.4.3.104', '{"_pjax":"#pjax-container"}', '2019-07-13 11:36:18', '2019-07-13 11:36:18'),
	(322, 1, 'admin/orders/17', 'GET', '10.4.3.104', '{"_pjax":"#pjax-container"}', '2019-07-13 11:37:47', '2019-07-13 11:37:47'),
	(323, 1, 'admin/orders', 'GET', '10.4.3.104', '{"_pjax":"#pjax-container"}', '2019-07-13 11:37:49', '2019-07-13 11:37:49'),
	(324, 1, 'admin/orders/18', 'GET', '10.4.3.104', '{"_pjax":"#pjax-container"}', '2019-07-13 11:44:16', '2019-07-13 11:44:16'),
	(325, 1, 'admin/orders/18/ship', 'POST', '10.4.3.104', '{"_token":"F3VZ170Twoy1LHRNKOcoAU87YPYRLoeEM6D7Xby7","express_company":"\\u5706\\u901a","express_no":"00123123132"}', '2019-07-13 11:44:22', '2019-07-13 11:44:22'),
	(326, 1, 'admin/orders/18', 'GET', '10.4.3.104', '[]', '2019-07-13 11:44:22', '2019-07-13 11:44:22'),
	(327, 1, 'admin/orders', 'GET', '10.4.3.104', '{"_pjax":"#pjax-container"}', '2019-07-13 11:49:28', '2019-07-13 11:49:28'),
	(328, 1, 'admin/orders/19', 'GET', '10.4.3.104', '{"_pjax":"#pjax-container"}', '2019-07-13 11:49:31', '2019-07-13 11:49:31'),
	(329, 1, 'admin/orders/19/ship', 'POST', '10.4.3.104', '{"_token":"F3VZ170Twoy1LHRNKOcoAU87YPYRLoeEM6D7Xby7","express_company":"\\u97f5\\u8fbe","express_no":"0012323123132"}', '2019-07-13 11:49:36', '2019-07-13 11:49:36'),
	(330, 1, 'admin/orders/19', 'GET', '10.4.3.104', '[]', '2019-07-13 11:49:36', '2019-07-13 11:49:36'),
	(331, 1, 'admin', 'GET', '10.4.3.104', '[]', '2019-07-15 14:54:08', '2019-07-15 14:54:08'),
	(332, 1, 'admin/orders', 'GET', '10.4.3.104', '{"_pjax":"#pjax-container"}', '2019-07-15 14:54:10', '2019-07-15 14:54:10'),
	(333, 1, 'admin/orders', 'GET', '10.4.3.104', '[]', '2019-07-15 15:36:04', '2019-07-15 15:36:04'),
	(334, 1, 'admin/orders', 'GET', '10.4.3.104', '[]', '2019-07-15 15:57:26', '2019-07-15 15:57:26'),
	(335, 1, 'admin/orders', 'GET', '10.4.3.104', '[]', '2019-07-15 16:25:26', '2019-07-15 16:25:26'),
	(336, 1, 'admin/orders/21', 'GET', '10.4.3.104', '{"_pjax":"#pjax-container"}', '2019-07-15 16:25:29', '2019-07-15 16:25:29'),
	(337, 1, 'admin/orders/21', 'GET', '10.4.3.104', '[]', '2019-07-15 16:26:03', '2019-07-15 16:26:03'),
	(338, 1, 'admin/orders/21', 'GET', '10.4.3.104', '[]', '2019-07-15 16:26:14', '2019-07-15 16:26:14'),
	(339, 1, 'admin/orders/21', 'GET', '10.4.3.104', '[]', '2019-07-15 16:26:21', '2019-07-15 16:26:21'),
	(340, 1, 'admin/orders/21', 'GET', '10.4.3.104', '[]', '2019-07-15 16:26:28', '2019-07-15 16:26:28'),
	(341, 1, 'admin/orders/21', 'GET', '10.4.3.104', '[]', '2019-07-15 16:26:52', '2019-07-15 16:26:52'),
	(342, 1, 'admin/orders/21', 'GET', '10.4.3.104', '[]', '2019-07-15 16:27:50', '2019-07-15 16:27:50'),
	(343, 1, 'admin/orders/21', 'GET', '10.4.3.104', '[]', '2019-07-15 16:31:59', '2019-07-15 16:31:59'),
	(344, 1, 'admin/orders/21', 'GET', '10.4.3.104', '[]', '2019-07-15 16:32:01', '2019-07-15 16:32:01'),
	(345, 1, 'admin/orders/21', 'GET', '10.4.3.104', '[]', '2019-07-15 16:32:12', '2019-07-15 16:32:12'),
	(346, 1, 'admin/orders/21/refund', 'POST', '10.4.3.104', '{"agree":false,"reason":"1234","_token":"lDcxwe08LrQQZF0Bplbm4BSyyVrf8hirUiig4yMA"}', '2019-07-15 16:33:00', '2019-07-15 16:33:00'),
	(347, 1, 'admin/orders/21', 'GET', '10.4.3.104', '[]', '2019-07-15 16:34:21', '2019-07-15 16:34:21'),
	(348, 1, 'admin/orders/21', 'GET', '10.4.3.104', '[]', '2019-07-15 16:37:14', '2019-07-15 16:37:14'),
	(349, 1, 'admin/orders', 'GET', '10.4.3.104', '{"_pjax":"#pjax-container"}', '2019-07-15 17:29:52', '2019-07-15 17:29:52'),
	(350, 1, 'admin/orders/17', 'GET', '10.4.3.104', '{"_pjax":"#pjax-container"}', '2019-07-15 17:29:56', '2019-07-15 17:29:56'),
	(351, 1, 'admin/orders/17', 'GET', '10.4.3.104', '[]', '2019-07-15 17:33:05', '2019-07-15 17:33:05'),
	(352, 1, 'admin/orders/17/refund', 'POST', '10.4.3.104', '{"agree":true,"_token":"lDcxwe08LrQQZF0Bplbm4BSyyVrf8hirUiig4yMA"}', '2019-07-15 17:35:23', '2019-07-15 17:35:23'),
	(353, 1, 'admin/orders/17', 'GET', '10.4.3.104', '[]', '2019-07-15 17:35:25', '2019-07-15 17:35:25'),
	(354, 1, 'admin/orders/17', 'GET', '10.4.3.104', '[]', '2019-07-15 17:36:25', '2019-07-15 17:36:25'),
	(355, 1, 'admin/orders/17', 'GET', '10.4.3.104', '[]', '2019-07-15 17:36:27', '2019-07-15 17:36:27'),
	(356, 1, 'admin/orders/17/refund', 'POST', '10.4.3.104', '{"agree":true,"_token":"lDcxwe08LrQQZF0Bplbm4BSyyVrf8hirUiig4yMA"}', '2019-07-15 17:36:46', '2019-07-15 17:36:46'),
	(357, 1, 'admin/orders/17', 'GET', '10.4.3.104', '[]', '2019-07-15 17:39:07', '2019-07-15 17:39:07'),
	(358, 1, 'admin/orders/17/refund', 'POST', '10.4.3.104', '{"agree":true,"_token":"lDcxwe08LrQQZF0Bplbm4BSyyVrf8hirUiig4yMA"}', '2019-07-15 17:39:13', '2019-07-15 17:39:13'),
	(359, 1, 'admin/orders/17', 'GET', '10.4.3.104', '[]', '2019-07-15 17:45:34', '2019-07-15 17:45:34'),
	(360, 1, 'admin/orders/17/refund', 'POST', '10.4.3.104', '{"agree":true,"_token":"lDcxwe08LrQQZF0Bplbm4BSyyVrf8hirUiig4yMA"}', '2019-07-15 17:45:39', '2019-07-15 17:45:39'),
	(361, 1, 'admin/orders/17', 'GET', '10.4.3.104', '[]', '2019-07-15 17:45:43', '2019-07-15 17:45:43'),
	(362, 1, 'admin/orders/17', 'GET', '10.4.3.104', '[]', '2019-07-15 17:47:08', '2019-07-15 17:47:08'),
	(363, 1, 'admin/orders/17', 'GET', '10.4.3.104', '[]', '2019-07-15 17:49:01', '2019-07-15 17:49:01'),
	(364, 1, 'admin/orders', 'GET', '10.4.3.104', '{"_pjax":"#pjax-container"}', '2019-07-15 17:51:27', '2019-07-15 17:51:27'),
	(365, 1, 'admin/orders/22', 'GET', '10.4.3.104', '{"_pjax":"#pjax-container"}', '2019-07-15 17:51:41', '2019-07-15 17:51:41'),
	(366, 1, 'admin/orders/22', 'GET', '10.4.3.104', '[]', '2019-07-15 17:51:52', '2019-07-15 17:51:52'),
	(367, 1, 'admin/orders/22', 'GET', '10.4.3.104', '[]', '2019-07-15 17:51:54', '2019-07-15 17:51:54'),
	(368, 1, 'admin/orders/22/refund', 'POST', '10.4.3.104', '{"agree":true,"_token":"lDcxwe08LrQQZF0Bplbm4BSyyVrf8hirUiig4yMA"}', '2019-07-15 17:51:57', '2019-07-15 17:51:57'),
	(369, 1, 'admin/orders/22', 'GET', '10.4.3.104', '[]', '2019-07-15 17:52:00', '2019-07-15 17:52:00'),
	(370, 1, 'admin', 'GET', '10.4.3.104', '[]', '2019-07-16 18:04:14', '2019-07-16 18:04:14'),
	(371, 1, 'admin/orders', 'GET', '10.4.3.104', '{"_pjax":"#pjax-container"}', '2019-07-16 18:04:16', '2019-07-16 18:04:16'),
	(372, 1, 'admin/orders/18', 'GET', '10.4.3.104', '{"_pjax":"#pjax-container"}', '2019-07-16 18:04:21', '2019-07-16 18:04:21'),
	(373, 1, 'admin/orders/18/refund', 'POST', '10.4.3.104', '{"agree":true,"_token":"jPq9k6Sfvb4cBILUSO6QT5FHm2q4FAWv6HTPvCo9"}', '2019-07-16 18:04:26', '2019-07-16 18:04:26'),
	(374, 1, 'admin/orders/18', 'GET', '10.4.3.104', '[]', '2019-07-16 18:04:28', '2019-07-16 18:04:28'),
	(375, 1, 'admin/orders/18', 'GET', '10.4.3.104', '[]', '2019-07-16 18:05:30', '2019-07-16 18:05:30'),
	(376, 1, 'admin/orders/18/refund', 'POST', '10.4.3.104', '{"agree":true,"_token":"jPq9k6Sfvb4cBILUSO6QT5FHm2q4FAWv6HTPvCo9"}', '2019-07-16 18:05:48', '2019-07-16 18:05:48'),
	(377, 1, 'admin/orders/18/refund', 'POST', '10.4.3.104', '{"agree":true,"_token":"jPq9k6Sfvb4cBILUSO6QT5FHm2q4FAWv6HTPvCo9"}', '2019-07-16 18:09:12', '2019-07-16 18:09:12'),
	(378, 1, 'admin', 'GET', '10.4.3.104', '[]', '2019-07-17 10:13:19', '2019-07-17 10:13:19'),
	(379, 1, 'admin/orders', 'GET', '10.4.3.104', '{"_pjax":"#pjax-container"}', '2019-07-17 10:13:23', '2019-07-17 10:13:23'),
	(380, 1, 'admin/orders/18', 'GET', '10.4.3.104', '{"_pjax":"#pjax-container"}', '2019-07-17 10:13:25', '2019-07-17 10:13:25'),
	(381, 1, 'admin/orders/18/refund', 'POST', '10.4.3.104', '{"agree":true,"_token":"o9cPdHBmqqbCtzhpu2Kep3lmHftt5YZtuWw34VlT"}', '2019-07-17 10:13:39', '2019-07-17 10:13:39'),
	(382, 1, 'admin/orders/18', 'GET', '10.4.3.104', '[]', '2019-07-17 10:39:10', '2019-07-17 10:39:10'),
	(383, 1, 'admin/orders/18/refund', 'POST', '10.4.3.104', '{"agree":true,"_token":"o9cPdHBmqqbCtzhpu2Kep3lmHftt5YZtuWw34VlT"}', '2019-07-17 10:39:20', '2019-07-17 10:39:20'),
	(384, 1, 'admin/orders/18', 'GET', '10.4.3.104', '[]', '2019-07-17 10:53:33', '2019-07-17 10:53:33'),
	(385, 1, 'admin/orders/18/refund', 'POST', '10.4.3.104', '{"agree":true,"_token":"o9cPdHBmqqbCtzhpu2Kep3lmHftt5YZtuWw34VlT"}', '2019-07-17 10:53:39', '2019-07-17 10:53:39'),
	(386, 1, 'admin/orders/18/refund', 'POST', '10.4.3.104', '{"agree":true,"_token":"o9cPdHBmqqbCtzhpu2Kep3lmHftt5YZtuWw34VlT"}', '2019-07-17 11:15:21', '2019-07-17 11:15:21'),
	(387, 1, 'admin/orders/18', 'GET', '10.4.3.104', '[]', '2019-07-17 11:15:29', '2019-07-17 11:15:29'),
	(388, 1, 'admin/orders/18', 'GET', '10.4.3.104', '[]', '2019-07-17 11:21:42', '2019-07-17 11:21:42'),
	(389, 1, 'admin/orders/18', 'GET', '10.4.3.104', '[]', '2019-07-17 14:44:00', '2019-07-17 14:44:00'),
	(390, 1, 'admin/auth/menu', 'GET', '10.4.3.104', '{"_pjax":"#pjax-container"}', '2019-07-17 16:40:06', '2019-07-17 16:40:06'),
	(391, 1, 'admin/auth/menu', 'POST', '10.4.3.104', '{"parent_id":"0","title":"\\u4f18\\u60e0\\u5238","icon":"fa-tags","uri":"\\/coupon_codes","roles":[null],"permission":null,"_token":"c0nzbC7PoOQnIvsbOF4a8lKqUUQpniHlisRVqWYV"}', '2019-07-17 16:40:47', '2019-07-17 16:40:47'),
	(392, 1, 'admin/auth/menu', 'GET', '10.4.3.104', '[]', '2019-07-17 16:40:47', '2019-07-17 16:40:47'),
	(393, 1, 'admin/auth/menu', 'POST', '10.4.3.104', '{"_token":"c0nzbC7PoOQnIvsbOF4a8lKqUUQpniHlisRVqWYV","_order":"[{\\"id\\":1},{\\"id\\":8},{\\"id\\":9},{\\"id\\":10},{\\"id\\":11},{\\"id\\":2,\\"children\\":[{\\"id\\":3},{\\"id\\":4},{\\"id\\":5},{\\"id\\":6},{\\"id\\":7}]}]"}', '2019-07-17 16:40:58', '2019-07-17 16:40:58'),
	(394, 1, 'admin/auth/menu', 'GET', '10.4.3.104', '{"_pjax":"#pjax-container"}', '2019-07-17 16:40:58', '2019-07-17 16:40:58'),
	(395, 1, 'admin/auth/menu', 'GET', '10.4.3.104', '[]', '2019-07-17 16:41:01', '2019-07-17 16:41:01'),
	(396, 1, 'admin/auth/menu', 'GET', '10.4.3.104', '[]', '2019-07-17 16:42:26', '2019-07-17 16:42:26'),
	(397, 1, 'admin/coupon_codes', 'GET', '10.4.3.104', '[]', '2019-07-17 16:47:53', '2019-07-17 16:47:53'),
	(398, 1, 'admin/coupon_codes', 'GET', '10.4.3.104', '[]', '2019-07-17 16:54:22', '2019-07-17 16:54:22'),
	(399, 1, 'admin/coupon_codes', 'GET', '10.4.3.104', '[]', '2019-07-17 17:18:40', '2019-07-17 17:18:40'),
	(400, 1, 'admin/coupon_codes', 'GET', '10.4.3.104', '[]', '2019-07-17 17:32:05', '2019-07-17 17:32:05'),
	(401, 1, 'admin/coupon_codes', 'GET', '10.4.3.104', '[]', '2019-07-17 17:33:23', '2019-07-17 17:33:23'),
	(402, 1, 'admin/coupon_codes', 'GET', '10.4.3.104', '[]', '2019-07-17 17:34:40', '2019-07-17 17:34:40'),
	(403, 1, 'admin/coupon_codes/create', 'GET', '10.4.3.104', '{"_pjax":"#pjax-container"}', '2019-07-18 09:58:59', '2019-07-18 09:58:59'),
	(404, 1, 'admin/coupon_codes', 'GET', '10.4.3.104', '{"_pjax":"#pjax-container"}', '2019-07-18 09:59:28', '2019-07-18 09:59:28'),
	(405, 1, 'admin/coupon_codes/create', 'GET', '10.4.3.104', '{"_pjax":"#pjax-container"}', '2019-07-18 09:59:31', '2019-07-18 09:59:31'),
	(406, 1, 'admin/coupon_codes', 'POST', '10.4.3.104', '{"name":"Lee","code":"UPOGZOPNHO2B37TO","type":"fixed","value":"5","total":"100","min_amount":"5.1","not_before":"2019-07-18 00:00:00","not_after":"2019-07-25 00:00:00","enabled":"1","_token":"6rnXHgpfqd56oPB1HVUEDt2saqWmY3bpD0b3lQbK","_previous_":"http:\\/\\/shop.test\\/admin\\/coupon_codes"}', '2019-07-18 10:00:04', '2019-07-18 10:00:04'),
	(407, 1, 'admin/coupon_codes/create', 'GET', '10.4.3.104', '[]', '2019-07-18 10:00:05', '2019-07-18 10:00:05'),
	(408, 1, 'admin/coupon_codes', 'POST', '10.4.3.104', '{"name":"\\u5927\\u916c\\u5bbe","code":"\\u53a6\\u95e8\\u7f8e\\u83b1618","type":"fixed","value":"100","total":"100","min_amount":"3000","not_before":"2019-07-18 00:00:00","not_after":"2019-07-25 00:00:00","enabled":"1","_token":"6rnXHgpfqd56oPB1HVUEDt2saqWmY3bpD0b3lQbK"}', '2019-07-18 10:02:42', '2019-07-18 10:02:42'),
	(409, 1, 'admin/coupon_codes', 'GET', '10.4.3.104', '[]', '2019-07-18 10:02:43', '2019-07-18 10:02:43'),
	(410, 1, 'admin/coupon_codes', 'GET', '10.4.3.104', '[]', '2019-07-18 10:04:11', '2019-07-18 10:04:11'),
	(411, 1, 'admin/coupon_codes/11/edit', 'GET', '10.4.3.104', '[]', '2019-07-18 10:04:25', '2019-07-18 10:04:25'),
	(412, 1, 'admin/coupon_codes/11', 'PUT', '10.4.3.104', '{"name":"\\u7f8e\\u83b1\\u5468\\u5e74\\u5e86","code":"\\u53a6\\u95e8\\u7f8e\\u83b1618","type":"fixed","value":"100.00","total":"1000","min_amount":"3000.00","not_before":"2019-07-18 00:00:00","not_after":"2019-07-25 00:00:00","enabled":"1","_token":"6rnXHgpfqd56oPB1HVUEDt2saqWmY3bpD0b3lQbK","_method":"PUT","_previous_":"http:\\/\\/shop.test\\/admin\\/coupon_codes"}', '2019-07-18 10:04:43', '2019-07-18 10:04:43'),
	(413, 1, 'admin/coupon_codes/11/edit', 'GET', '10.4.3.104', '[]', '2019-07-18 10:04:43', '2019-07-18 10:04:43'),
	(414, 1, 'admin/coupon_codes/11', 'PUT', '10.4.3.104', '{"name":"\\u7f8e\\u83b1\\u5468\\u5e74\\u5e86","code":"\\u53a6\\u95e8\\u7f8e\\u83b1618","type":"fixed","value":"100.00","total":"1000","min_amount":"3000.00","not_before":"2019-07-18 00:00:00","not_after":"2019-07-25 00:00:00","enabled":"1","_token":"6rnXHgpfqd56oPB1HVUEDt2saqWmY3bpD0b3lQbK","_method":"PUT"}', '2019-07-18 10:04:58', '2019-07-18 10:04:58'),
	(415, 1, 'admin/coupon_codes/11/edit', 'GET', '10.4.3.104', '[]', '2019-07-18 10:04:58', '2019-07-18 10:04:58'),
	(416, 1, 'admin/coupon_codes/11', 'PUT', '10.4.3.104', '{"name":"\\u7f8e\\u83b1\\u5468\\u5e74\\u5e862","code":"\\u53a6\\u95e8\\u7f8e\\u83b1618","type":"fixed","value":"100.00","total":"1000","min_amount":"3000.00","not_before":"2019-07-18 00:00:00","not_after":"2019-07-25 00:00:00","enabled":"1","_token":"6rnXHgpfqd56oPB1HVUEDt2saqWmY3bpD0b3lQbK","_method":"PUT"}', '2019-07-18 10:05:01', '2019-07-18 10:05:01'),
	(417, 1, 'admin/coupon_codes/11/edit', 'GET', '10.4.3.104', '[]', '2019-07-18 10:05:01', '2019-07-18 10:05:01'),
	(418, 1, 'admin/coupon_codes/11/edit', 'GET', '10.4.3.104', '[]', '2019-07-18 10:07:00', '2019-07-18 10:07:00'),
	(419, 1, 'admin/coupon_codes/11', 'PUT', '10.4.3.104', '{"name":"\\u5927\\u916c\\u5bbe","code":"\\u53a6\\u95e8\\u7f8e\\u83b1618","type":"fixed","value":"100.00","total":"1001","min_amount":"3000.00","not_before":"2019-07-18 00:00:00","not_after":"2019-07-25 00:00:00","enabled":"1","_token":"6rnXHgpfqd56oPB1HVUEDt2saqWmY3bpD0b3lQbK","_method":"PUT","_previous_":"http:\\/\\/shop.test\\/admin\\/coupon_codes"}', '2019-07-18 10:07:06', '2019-07-18 10:07:06'),
	(420, 1, 'admin/coupon_codes', 'GET', '10.4.3.104', '[]', '2019-07-18 10:07:06', '2019-07-18 10:07:06'),
	(421, 1, 'admin/coupon_codes', 'GET', '10.4.3.104', '[]', '2019-07-18 10:07:42', '2019-07-18 10:07:42'),
	(422, 1, 'admin/coupon_codes/11/edit', 'GET', '10.4.3.104', '{"_pjax":"#pjax-container"}', '2019-07-18 10:07:44', '2019-07-18 10:07:44'),
	(423, 1, 'admin/coupon_codes/11', 'PUT', '10.4.3.104', '{"name":"\\u5927\\u916c\\u5bbe","code":"\\u53a6\\u95e8\\u7f8e\\u83b1618","type":"fixed","value":"100.00","total":"1001","min_amount":"3000.00","not_before":"2019-07-18 00:00:00","not_after":"2019-07-25 00:00:00","enabled":"1","_token":"6rnXHgpfqd56oPB1HVUEDt2saqWmY3bpD0b3lQbK","_method":"PUT","_previous_":"http:\\/\\/shop.test\\/admin\\/coupon_codes"}', '2019-07-18 10:07:45', '2019-07-18 10:07:45'),
	(424, 1, 'admin/coupon_codes', 'GET', '10.4.3.104', '[]', '2019-07-18 10:07:45', '2019-07-18 10:07:45'),
	(425, 1, 'admin/coupon_codes/11/edit', 'GET', '10.4.3.104', '{"_pjax":"#pjax-container"}', '2019-07-18 10:08:51', '2019-07-18 10:08:51'),
	(426, 1, 'admin/coupon_codes/11/edit', 'GET', '10.4.3.104', '[]', '2019-07-18 10:09:24', '2019-07-18 10:09:24'),
	(427, 1, 'admin/coupon_codes', 'GET', '10.4.3.104', '{"_pjax":"#pjax-container"}', '2019-07-18 10:09:25', '2019-07-18 10:09:25'),
	(428, 1, 'admin/coupon_codes/1/edit', 'GET', '10.4.3.104', '{"_pjax":"#pjax-container"}', '2019-07-18 10:09:27', '2019-07-18 10:09:27'),
	(429, 1, 'admin/coupon_codes', 'GET', '10.4.3.104', '{"_pjax":"#pjax-container"}', '2019-07-18 10:09:29', '2019-07-18 10:09:29'),
	(430, 1, 'admin/coupon_codes', 'GET', '10.4.3.104', '[]', '2019-07-18 10:09:46', '2019-07-18 10:09:46'),
	(431, 1, 'admin/coupon_codes/1', 'DELETE', '10.4.3.104', '{"_method":"delete","_token":"6rnXHgpfqd56oPB1HVUEDt2saqWmY3bpD0b3lQbK"}', '2019-07-18 10:09:49', '2019-07-18 10:09:49'),
	(432, 1, 'admin/coupon_codes', 'GET', '10.4.3.104', '{"_pjax":"#pjax-container"}', '2019-07-18 10:09:49', '2019-07-18 10:09:49'),
	(433, 1, 'admin/coupon_codes/11/edit', 'GET', '10.4.3.104', '{"_pjax":"#pjax-container"}', '2019-07-18 11:54:37', '2019-07-18 11:54:37'),
	(434, 1, 'admin/coupon_codes/11', 'PUT', '10.4.3.104', '{"name":"\\u5927\\u916c\\u5bbe","code":"\\u53a6\\u95e8\\u7f8e\\u83b1618","type":"fixed","value":"100.00","total":"1001","min_amount":"3000.00","not_before":"2019-07-19 00:00:00","not_after":"2019-07-25 00:00:00","enabled":"1","_token":"ASBNTOktlbDZ77mSOKA1zunFKnN7FiCQBu9yZO7E","_method":"PUT","_previous_":"http:\\/\\/shop.test\\/admin\\/coupon_codes"}', '2019-07-18 11:54:43', '2019-07-18 11:54:43'),
	(435, 1, 'admin/coupon_codes', 'GET', '10.4.3.104', '[]', '2019-07-18 11:54:43', '2019-07-18 11:54:43'),
	(436, 1, 'admin/coupon_codes/11/edit', 'GET', '10.4.3.104', '{"_pjax":"#pjax-container"}', '2019-07-18 11:55:15', '2019-07-18 11:55:15'),
	(437, 1, 'admin/coupon_codes/11', 'PUT', '10.4.3.104', '{"name":"\\u5927\\u916c\\u5bbe","code":"\\u53a6\\u95e8\\u7f8e\\u83b1618","type":"fixed","value":"100.00","total":"1001","min_amount":"3000.00","not_before":"2019-07-03 00:00:00","not_after":"2019-07-23 00:00:00","enabled":"1","_token":"ASBNTOktlbDZ77mSOKA1zunFKnN7FiCQBu9yZO7E","_method":"PUT","_previous_":"http:\\/\\/shop.test\\/admin\\/coupon_codes"}', '2019-07-18 11:55:20', '2019-07-18 11:55:20'),
	(438, 1, 'admin/coupon_codes', 'GET', '10.4.3.104', '[]', '2019-07-18 11:55:20', '2019-07-18 11:55:20'),
	(439, 1, 'admin/coupon_codes', 'GET', '10.4.3.104', '[]', '2019-07-18 17:08:09', '2019-07-18 17:08:09'),
	(440, 1, 'admin', 'GET', '10.4.3.104', '[]', '2019-07-19 11:11:06', '2019-07-19 11:11:06'),
	(441, 1, 'admin/auth/permissions', 'GET', '10.4.3.104', '{"_pjax":"#pjax-container"}', '2019-07-19 11:11:27', '2019-07-19 11:11:27'),
	(442, 1, 'admin/auth/permissions/create', 'GET', '10.4.3.104', '{"_pjax":"#pjax-container"}', '2019-07-19 11:12:49', '2019-07-19 11:12:49'),
	(443, 1, 'admin/auth/permissions', 'GET', '10.4.3.104', '{"_pjax":"#pjax-container"}', '2019-07-19 11:12:54', '2019-07-19 11:12:54'),
	(444, 1, 'admin/auth/permissions/create', 'GET', '10.4.3.104', '{"_pjax":"#pjax-container"}', '2019-07-19 11:12:56', '2019-07-19 11:12:56'),
	(445, 1, 'admin/auth/permissions', 'POST', '10.4.3.104', '{"slug":"products","name":"\\u5546\\u54c1\\u7ba1\\u7406","http_method":[null],"http_path":"\\/products","_token":"8pHO53W0FKXsIGf7l8APc3BXfT3aBwJINGVv2gAy","_previous_":"http:\\/\\/shop.test\\/admin\\/auth\\/permissions"}', '2019-07-19 11:13:16', '2019-07-19 11:13:16'),
	(446, 1, 'admin/auth/permissions', 'GET', '10.4.3.104', '[]', '2019-07-19 11:13:16', '2019-07-19 11:13:16'),
	(447, 1, 'admin/auth/permissions/create', 'GET', '10.4.3.104', '{"_pjax":"#pjax-container"}', '2019-07-19 11:13:18', '2019-07-19 11:13:18'),
	(448, 1, 'admin/auth/permissions', 'POST', '10.4.3.104', '{"slug":"orders","name":"\\u8ba2\\u5355\\u7ba1\\u7406","http_method":[null],"http_path":"\\/orders","_token":"8pHO53W0FKXsIGf7l8APc3BXfT3aBwJINGVv2gAy","_previous_":"http:\\/\\/shop.test\\/admin\\/auth\\/permissions"}', '2019-07-19 11:13:39', '2019-07-19 11:13:39'),
	(449, 1, 'admin/auth/permissions', 'GET', '10.4.3.104', '[]', '2019-07-19 11:13:39', '2019-07-19 11:13:39'),
	(450, 1, 'admin/auth/permissions/create', 'GET', '10.4.3.104', '{"_pjax":"#pjax-container"}', '2019-07-19 11:13:47', '2019-07-19 11:13:47'),
	(451, 1, 'admin/auth/permissions', 'POST', '10.4.3.104', '{"slug":"coupon_codes","name":"\\u4f18\\u60e0\\u5238\\u7ba1\\u7406","http_method":[null],"http_path":"\\/coupon_codes","_token":"8pHO53W0FKXsIGf7l8APc3BXfT3aBwJINGVv2gAy","_previous_":"http:\\/\\/shop.test\\/admin\\/auth\\/permissions"}', '2019-07-19 11:15:23', '2019-07-19 11:15:23'),
	(452, 1, 'admin/auth/permissions', 'GET', '10.4.3.104', '[]', '2019-07-19 11:15:24', '2019-07-19 11:15:24'),
	(453, 1, 'admin/auth/roles', 'GET', '10.4.3.104', '{"_pjax":"#pjax-container"}', '2019-07-19 11:15:31', '2019-07-19 11:15:31'),
	(454, 1, 'admin/auth/roles/2/edit', 'GET', '10.4.3.104', '{"_pjax":"#pjax-container"}', '2019-07-19 11:15:33', '2019-07-19 11:15:33'),
	(455, 1, 'admin/auth/roles/2', 'PUT', '10.4.3.104', '{"slug":"operation","name":"\\u8fd0\\u8425","permissions":["2","3","4","6","7","8","9",null],"_token":"8pHO53W0FKXsIGf7l8APc3BXfT3aBwJINGVv2gAy","_method":"PUT","_previous_":"http:\\/\\/shop.test\\/admin\\/auth\\/roles"}', '2019-07-19 11:15:37', '2019-07-19 11:15:37'),
	(456, 1, 'admin/auth/roles', 'GET', '10.4.3.104', '[]', '2019-07-19 11:15:37', '2019-07-19 11:15:37'),
	(457, 1, 'admin/users', 'GET', '10.4.3.104', '{"_pjax":"#pjax-container"}', '2019-07-19 11:16:16', '2019-07-19 11:16:16'),
	(458, 1, 'admin/auth/logout', 'GET', '10.4.3.104', '{"_pjax":"#pjax-container"}', '2019-07-19 11:16:38', '2019-07-19 11:16:38'),
	(459, 2, 'admin', 'GET', '10.4.3.104', '[]', '2019-07-19 11:16:45', '2019-07-19 11:16:45'),
	(460, 2, 'admin/products', 'GET', '10.4.3.104', '{"_pjax":"#pjax-container"}', '2019-07-19 11:16:48', '2019-07-19 11:16:48'),
	(461, 2, 'admin/orders', 'GET', '10.4.3.104', '{"_pjax":"#pjax-container"}', '2019-07-19 11:16:50', '2019-07-19 11:16:50'),
	(462, 2, 'admin/coupon_codes', 'GET', '10.4.3.104', '{"_pjax":"#pjax-container"}', '2019-07-19 11:16:51', '2019-07-19 11:16:51'),
	(463, 2, 'admin/coupon_codes/10', 'DELETE', '10.4.3.104', '{"_method":"delete","_token":"dsF6FAReLkeD94j9gTJw64A2OPfyBtudO5N0LAYR"}', '2019-07-19 11:17:01', '2019-07-19 11:17:01'),
	(464, 2, 'admin/coupon_codes', 'GET', '10.4.3.104', '[]', '2019-07-19 11:17:25', '2019-07-19 11:17:25'),
	(465, 2, 'admin', 'GET', '10.4.3.104', '{"_pjax":"#pjax-container"}', '2019-07-19 11:17:30', '2019-07-19 11:17:30'),
	(466, 2, 'admin', 'GET', '10.4.3.104', '[]', '2019-07-19 11:17:30', '2019-07-19 11:17:30'),
	(467, 2, 'admin/products', 'GET', '10.4.3.104', '{"_pjax":"#pjax-container"}', '2019-07-19 11:17:32', '2019-07-19 11:17:32'),
	(468, 2, 'admin/products/3', 'PUT', '10.4.3.104', '{"on_sale":"on","_token":"dsF6FAReLkeD94j9gTJw64A2OPfyBtudO5N0LAYR","_method":"PUT"}', '2019-07-19 11:17:35', '2019-07-19 11:17:35'),
	(469, 2, 'admin/products/3/edit', 'GET', '10.4.3.104', '{"_pjax":"#pjax-container"}', '2019-07-19 11:17:38', '2019-07-19 11:17:38'),
	(470, 2, 'admin/products', 'GET', '10.4.3.104', '{"_pjax":"#pjax-container"}', '2019-07-19 11:17:45', '2019-07-19 11:17:45'),
	(471, 2, 'admin/products', 'GET', '10.4.3.104', '[]', '2019-07-19 11:17:46', '2019-07-19 11:17:46'),
	(472, 2, 'admin/products', 'GET', '10.4.3.104', '{"_pjax":"#pjax-container"}', '2019-07-19 11:17:48', '2019-07-19 11:17:48'),
	(473, 2, 'admin/products/3', 'PUT', '10.4.3.104', '{"on_sale":"on","_token":"dsF6FAReLkeD94j9gTJw64A2OPfyBtudO5N0LAYR","_method":"PUT"}', '2019-07-19 11:17:50', '2019-07-19 11:17:50'),
	(474, 2, 'admin/coupon_codes', 'GET', '10.4.3.104', '{"_pjax":"#pjax-container"}', '2019-07-19 11:17:53', '2019-07-19 11:17:53'),
	(475, 2, 'admin/auth/logout', 'GET', '10.4.3.104', '{"_pjax":"#pjax-container"}', '2019-07-19 11:17:59', '2019-07-19 11:17:59'),
	(476, 1, 'admin', 'GET', '10.4.3.104', '[]', '2019-07-19 11:18:13', '2019-07-19 11:18:13'),
	(477, 1, 'admin/auth/roles', 'GET', '10.4.3.104', '{"_pjax":"#pjax-container"}', '2019-07-19 11:18:16', '2019-07-19 11:18:16'),
	(478, 1, 'admin/auth/permissions', 'GET', '10.4.3.104', '{"_pjax":"#pjax-container"}', '2019-07-19 11:18:21', '2019-07-19 11:18:21'),
	(479, 1, 'admin/auth/permissions/7/edit', 'GET', '10.4.3.104', '{"_pjax":"#pjax-container"}', '2019-07-19 11:18:31', '2019-07-19 11:18:31'),
	(480, 1, 'admin/auth/permissions/7', 'PUT', '10.4.3.104', '{"slug":"products","name":"\\u5546\\u54c1\\u7ba1\\u7406","http_method":[null],"http_path":"\\/product","_token":"qKW5HdHcwd1mXaAsEOwbkQ0nhvdI3RWTVK1Gg7pr","_method":"PUT","_previous_":"http:\\/\\/shop.test\\/admin\\/auth\\/permissions"}', '2019-07-19 11:18:34', '2019-07-19 11:18:34'),
	(481, 1, 'admin/auth/permissions', 'GET', '10.4.3.104', '[]', '2019-07-19 11:18:34', '2019-07-19 11:18:34'),
	(482, 1, 'admin/products', 'GET', '10.4.3.104', '{"_pjax":"#pjax-container"}', '2019-07-19 11:18:37', '2019-07-19 11:18:37'),
	(483, 1, 'admin/auth/permissions', 'GET', '10.4.3.104', '{"_pjax":"#pjax-container"}', '2019-07-19 11:18:53', '2019-07-19 11:18:53'),
	(484, 1, 'admin/auth/permissions/7/edit', 'GET', '10.4.3.104', '{"_pjax":"#pjax-container"}', '2019-07-19 11:19:00', '2019-07-19 11:19:00'),
	(485, 1, 'admin/auth/permissions/7', 'PUT', '10.4.3.104', '{"slug":"products","name":"\\u5546\\u54c1\\u7ba1\\u7406","http_method":[null],"http_path":"\\/products*","_token":"qKW5HdHcwd1mXaAsEOwbkQ0nhvdI3RWTVK1Gg7pr","_method":"PUT","_previous_":"http:\\/\\/shop.test\\/admin\\/auth\\/permissions"}', '2019-07-19 11:19:04', '2019-07-19 11:19:04'),
	(486, 1, 'admin/auth/permissions', 'GET', '10.4.3.104', '[]', '2019-07-19 11:19:04', '2019-07-19 11:19:04'),
	(487, 1, 'admin/auth/permissions/8/edit', 'GET', '10.4.3.104', '{"_pjax":"#pjax-container"}', '2019-07-19 11:19:17', '2019-07-19 11:19:17'),
	(488, 1, 'admin/auth/permissions/8', 'PUT', '10.4.3.104', '{"slug":"orders","name":"\\u8ba2\\u5355\\u7ba1\\u7406","http_method":[null],"http_path":"\\/orders*","_token":"qKW5HdHcwd1mXaAsEOwbkQ0nhvdI3RWTVK1Gg7pr","_method":"PUT","_previous_":"http:\\/\\/shop.test\\/admin\\/auth\\/permissions"}', '2019-07-19 11:19:21', '2019-07-19 11:19:21'),
	(489, 1, 'admin/auth/permissions', 'GET', '10.4.3.104', '[]', '2019-07-19 11:19:21', '2019-07-19 11:19:21'),
	(490, 1, 'admin/auth/permissions/9/edit', 'GET', '10.4.3.104', '{"_pjax":"#pjax-container"}', '2019-07-19 11:19:22', '2019-07-19 11:19:22'),
	(491, 1, 'admin/auth/permissions/9', 'PUT', '10.4.3.104', '{"slug":"coupon_codes","name":"\\u4f18\\u60e0\\u5238\\u7ba1\\u7406","http_method":[null],"http_path":"\\/coupon_codes*","_token":"qKW5HdHcwd1mXaAsEOwbkQ0nhvdI3RWTVK1Gg7pr","_method":"PUT","_previous_":"http:\\/\\/shop.test\\/admin\\/auth\\/permissions"}', '2019-07-19 11:19:25', '2019-07-19 11:19:25'),
	(492, 1, 'admin/auth/permissions', 'GET', '10.4.3.104', '[]', '2019-07-19 11:19:25', '2019-07-19 11:19:25'),
	(493, 1, 'admin/auth/logout', 'GET', '10.4.3.104', '{"_pjax":"#pjax-container"}', '2019-07-19 11:19:45', '2019-07-19 11:19:45'),
	(494, 2, 'admin', 'GET', '10.4.3.104', '[]', '2019-07-19 11:19:52', '2019-07-19 11:19:52'),
	(495, 2, 'admin/coupon_codes', 'GET', '10.4.3.104', '{"_pjax":"#pjax-container"}', '2019-07-19 11:19:54', '2019-07-19 11:19:54'),
	(496, 2, 'admin/coupon_codes/10', 'DELETE', '10.4.3.104', '{"_method":"delete","_token":"VXjOVvmm98kRDId0QSGEleuxKpX3Xi4emsx6bRAd"}', '2019-07-19 11:19:56', '2019-07-19 11:19:56'),
	(497, 2, 'admin/coupon_codes', 'GET', '10.4.3.104', '{"_pjax":"#pjax-container"}', '2019-07-19 11:19:56', '2019-07-19 11:19:56'),
	(498, 2, 'admin/coupon_codes/9/edit', 'GET', '10.4.3.104', '{"_pjax":"#pjax-container"}', '2019-07-19 11:19:59', '2019-07-19 11:19:59'),
	(499, 2, 'admin/coupon_codes/9', 'PUT', '10.4.3.104', '{"name":"ullamconsecteturmolestiae","code":"ELK6PXKTXMYFAAUL","type":"percent","value":"34.00","total":"1000","min_amount":"138.00","not_before":"2019-07-07 00:00:00","not_after":"2019-07-21 00:00:00","enabled":"1","_token":"VXjOVvmm98kRDId0QSGEleuxKpX3Xi4emsx6bRAd","_method":"PUT","_previous_":"http:\\/\\/shop.test\\/admin\\/coupon_codes"}', '2019-07-19 11:20:17', '2019-07-19 11:20:17'),
	(500, 2, 'admin/coupon_codes', 'GET', '10.4.3.104', '[]', '2019-07-19 11:20:18', '2019-07-19 11:20:18'),
	(501, 2, 'admin/orders', 'GET', '10.4.3.104', '{"_pjax":"#pjax-container"}', '2019-07-19 11:20:20', '2019-07-19 11:20:20'),
	(502, 2, 'admin/orders/22', 'GET', '10.4.3.104', '{"_pjax":"#pjax-container"}', '2019-07-19 11:20:22', '2019-07-19 11:20:22'),
	(503, 2, 'admin/orders', 'GET', '10.4.3.104', '{"_pjax":"#pjax-container"}', '2019-07-19 11:20:23', '2019-07-19 11:20:23'),
	(504, 2, 'admin/orders/20', 'GET', '10.4.3.104', '{"_pjax":"#pjax-container"}', '2019-07-19 11:20:26', '2019-07-19 11:20:26'),
	(505, 2, 'admin/orders', 'GET', '10.4.3.104', '{"_pjax":"#pjax-container"}', '2019-07-19 11:20:27', '2019-07-19 11:20:27'),
	(506, 2, 'admin/orders/20', 'GET', '10.4.3.104', '{"_pjax":"#pjax-container"}', '2019-07-19 11:20:30', '2019-07-19 11:20:30'),
	(507, 2, 'admin/orders/20/ship', 'POST', '10.4.3.104', '{"_token":"VXjOVvmm98kRDId0QSGEleuxKpX3Xi4emsx6bRAd","express_company":"\\u987a\\u4e30","express_no":"00123123132"}', '2019-07-19 11:20:34', '2019-07-19 11:20:34'),
	(508, 2, 'admin/orders/20', 'GET', '10.4.3.104', '[]', '2019-07-19 11:20:34', '2019-07-19 11:20:34'),
	(509, 2, 'admin/orders', 'GET', '10.4.3.104', '{"_pjax":"#pjax-container"}', '2019-07-19 11:20:37', '2019-07-19 11:20:37'),
	(510, 2, 'admin/users', 'GET', '10.4.3.104', '{"_pjax":"#pjax-container"}', '2019-07-19 11:20:39', '2019-07-19 11:20:39'),
	(511, 2, 'admin/products', 'GET', '10.4.3.104', '{"_pjax":"#pjax-container"}', '2019-07-19 11:20:45', '2019-07-19 11:20:45'),
	(512, 2, 'admin/products/3', 'PUT', '10.4.3.104', '{"on_sale":"on","_token":"VXjOVvmm98kRDId0QSGEleuxKpX3Xi4emsx6bRAd","_method":"PUT"}', '2019-07-19 11:20:47', '2019-07-19 11:20:47'),
	(513, 2, 'admin/products/3/edit', 'GET', '10.4.3.104', '{"_pjax":"#pjax-container"}', '2019-07-19 11:20:50', '2019-07-19 11:20:50'),
	(514, 2, 'admin/products/3', 'PUT', '10.4.3.104', '{"title":"commodi","description":"<p>Earum laudantium quasi consequatur non excepturi ipsum.<\\/p>","on_sale":"on","skus":{"5":{"title":"accusamus","description":"Soluta molestiae quisquam aut labore.","price":"7249.00","stock":"45740","id":"5","_remove_":"0"},"6":{"title":"id","description":"Quaerat repellendus velit sit dolore dolorem reiciendis.","price":"8783.00","stock":"43094","id":"6","_remove_":"0"},"7":{"title":"earum","description":"Alias fugit corporis commodi eum itaque aut est.","price":"6327.00","stock":"16876","id":"7","_remove_":"0"}},"_token":"VXjOVvmm98kRDId0QSGEleuxKpX3Xi4emsx6bRAd","_method":"PUT","_previous_":"http:\\/\\/shop.test\\/admin\\/products"}', '2019-07-19 11:20:53', '2019-07-19 11:20:53'),
	(515, 2, 'admin/products', 'GET', '10.4.3.104', '[]', '2019-07-19 11:20:53', '2019-07-19 11:20:53'),
	(516, 2, 'admin/products/4/edit', 'GET', '10.4.3.104', '{"_pjax":"#pjax-container"}', '2019-07-19 11:20:58', '2019-07-19 11:20:58'),
	(517, 2, 'admin/products/4', 'PUT', '10.4.3.104', '{"title":"voluptas","description":"<p>Eveniet aut voluptatem tempore voluptatibus.<\\/p>","on_sale":"on","skus":{"8":{"title":"vero","description":"Placeat et cum in.","price":"8840.00","stock":"37136","id":"8","_remove_":"0"},"9":{"title":"unde","description":"Suscipit aperiam ea accusantium voluptatem omnis dolorem id.","price":"4272.00","stock":"53793","id":"9","_remove_":"0"},"10":{"title":"dolorem","description":"Minima accusantium vel et iusto repudiandae.","price":"6009.00","stock":"97941","id":"10","_remove_":"0"}},"_token":"VXjOVvmm98kRDId0QSGEleuxKpX3Xi4emsx6bRAd","_method":"PUT","_previous_":"http:\\/\\/shop.test\\/admin\\/products"}', '2019-07-19 11:21:01', '2019-07-19 11:21:01'),
	(518, 2, 'admin/products', 'GET', '10.4.3.104', '[]', '2019-07-19 11:21:01', '2019-07-19 11:21:01'),
	(519, 2, 'admin/products', 'GET', '10.4.3.104', '{"_pjax":"#pjax-container"}', '2019-07-19 13:29:35', '2019-07-19 13:29:35'),
	(520, 2, 'admin/orders', 'GET', '10.4.3.104', '{"_pjax":"#pjax-container"}', '2019-07-19 13:29:43', '2019-07-19 13:29:43'),
	(521, 2, 'admin/orders/19', 'GET', '10.4.3.104', '{"_pjax":"#pjax-container"}', '2019-07-19 13:29:50', '2019-07-19 13:29:50'),
	(522, 2, 'admin/orders', 'GET', '10.4.3.104', '{"_pjax":"#pjax-container"}', '2019-07-19 13:29:53', '2019-07-19 13:29:53'),
	(523, 2, 'admin/orders', 'GET', '10.4.3.104', '[]', '2019-07-19 13:32:03', '2019-07-19 13:32:03'),
	(524, 2, 'admin/orders/19', 'GET', '10.4.3.104', '{"_pjax":"#pjax-container"}', '2019-07-19 13:32:05', '2019-07-19 13:32:05'),
	(525, 2, 'admin/orders/19/refund', 'POST', '10.4.3.104', '{"agree":true,"_token":"HPD2QgPfkwREE29ut4FkUtfCFzmhUPGqDLWTu9X9"}', '2019-07-19 13:32:08', '2019-07-19 13:32:08'),
	(526, 2, 'admin/orders/19', 'GET', '10.4.3.104', '[]', '2019-07-19 13:32:10', '2019-07-19 13:32:10'),
	(527, 2, 'admin/orders/19', 'GET', '10.4.3.104', '[]', '2019-07-19 13:36:42', '2019-07-19 13:36:42'),
	(528, 2, 'admin/orders/19', 'GET', '10.4.3.104', '[]', '2019-07-19 13:44:11', '2019-07-19 13:44:11'),
	(529, 2, 'admin/orders', 'GET', '10.4.3.104', '{"_pjax":"#pjax-container"}', '2019-07-19 13:44:12', '2019-07-19 13:44:12'),
	(530, 2, 'admin/orders', 'GET', '10.4.3.104', '[]', '2019-07-19 13:44:14', '2019-07-19 13:44:14'),
	(531, 2, 'admin/orders/30', 'GET', '10.4.3.104', '{"_pjax":"#pjax-container"}', '2019-07-19 13:44:18', '2019-07-19 13:44:18'),
	(532, 2, 'admin/orders/30/refund', 'POST', '10.4.3.104', '{"agree":true,"_token":"HPD2QgPfkwREE29ut4FkUtfCFzmhUPGqDLWTu9X9"}', '2019-07-19 13:44:27', '2019-07-19 13:44:27'),
	(533, 2, 'admin/orders/30', 'GET', '10.4.3.104', '[]', '2019-07-19 13:44:33', '2019-07-19 13:44:33'),
	(534, 2, 'admin/orders/30', 'GET', '10.4.3.104', '[]', '2019-07-19 13:48:41', '2019-07-19 13:48:41'),
	(535, 2, 'admin/products', 'GET', '10.4.3.104', '{"_pjax":"#pjax-container"}', '2019-07-19 13:48:46', '2019-07-19 13:48:46'),
	(536, 2, 'admin/orders', 'GET', '10.4.3.104', '{"_pjax":"#pjax-container"}', '2019-07-19 13:48:48', '2019-07-19 13:48:48'),
	(537, 2, 'admin/orders', 'GET', '10.4.3.104', '[]', '2019-07-19 13:48:50', '2019-07-19 13:48:50'),
	(538, 2, 'admin/orders/31', 'GET', '10.4.3.104', '{"_pjax":"#pjax-container"}', '2019-07-19 13:48:54', '2019-07-19 13:48:54'),
	(539, 2, 'admin/orders/31/refund', 'POST', '10.4.3.104', '{"agree":true,"_token":"HPD2QgPfkwREE29ut4FkUtfCFzmhUPGqDLWTu9X9"}', '2019-07-19 13:48:58', '2019-07-19 13:48:58'),
	(540, 2, 'admin/orders/31', 'GET', '10.4.3.104', '[]', '2019-07-19 13:50:40', '2019-07-19 13:50:40'),
	(541, 2, 'admin/orders/31', 'GET', '10.4.3.104', '[]', '2019-07-19 13:54:44', '2019-07-19 13:54:44');
/*!40000 ALTER TABLE `admin_operation_log` ENABLE KEYS */;

-- 正在导出表  shop.admin_permissions 的数据：~9 rows (大约)
/*!40000 ALTER TABLE `admin_permissions` DISABLE KEYS */;
INSERT INTO `admin_permissions` (`id`, `name`, `slug`, `http_method`, `http_path`, `created_at`, `updated_at`) VALUES
	(1, 'All permission', '*', '', '*', NULL, NULL),
	(2, 'Dashboard', 'dashboard', 'GET', '/', NULL, NULL),
	(3, 'Login', 'auth.login', '', '/auth/login\r\n/auth/logout', NULL, NULL),
	(4, 'User setting', 'auth.setting', 'GET,PUT', '/auth/setting', NULL, NULL),
	(5, 'Auth management', 'auth.management', '', '/auth/roles\r\n/auth/permissions\r\n/auth/menu\r\n/auth/logs', NULL, NULL),
	(6, '用户管理', 'users', '', '/users*', '2019-07-04 11:18:59', '2019-07-04 11:18:59'),
	(7, '商品管理', 'products', '', '/products*', '2019-07-19 11:13:16', '2019-07-19 11:19:04'),
	(8, '订单管理', 'orders', '', '/orders*', '2019-07-19 11:13:39', '2019-07-19 11:19:21'),
	(9, '优惠券管理', 'coupon_codes', '', '/coupon_codes*', '2019-07-19 11:15:24', '2019-07-19 11:19:25');
/*!40000 ALTER TABLE `admin_permissions` ENABLE KEYS */;

-- 正在导出表  shop.admin_roles 的数据：~2 rows (大约)
/*!40000 ALTER TABLE `admin_roles` DISABLE KEYS */;
INSERT INTO `admin_roles` (`id`, `name`, `slug`, `created_at`, `updated_at`) VALUES
	(1, 'Administrator', 'administrator', '2019-07-03 17:41:28', '2019-07-03 17:41:28'),
	(2, '运营', 'operation', '2019-07-04 11:20:24', '2019-07-04 11:20:24');
/*!40000 ALTER TABLE `admin_roles` ENABLE KEYS */;

-- 正在导出表  shop.admin_role_menu 的数据：~1 rows (大约)
/*!40000 ALTER TABLE `admin_role_menu` DISABLE KEYS */;
INSERT INTO `admin_role_menu` (`role_id`, `menu_id`, `created_at`, `updated_at`) VALUES
	(1, 2, NULL, NULL);
/*!40000 ALTER TABLE `admin_role_menu` ENABLE KEYS */;

-- 正在导出表  shop.admin_role_permissions 的数据：~8 rows (大约)
/*!40000 ALTER TABLE `admin_role_permissions` DISABLE KEYS */;
INSERT INTO `admin_role_permissions` (`role_id`, `permission_id`, `created_at`, `updated_at`) VALUES
	(1, 1, NULL, NULL),
	(2, 2, NULL, NULL),
	(2, 3, NULL, NULL),
	(2, 4, NULL, NULL),
	(2, 6, NULL, NULL),
	(2, 7, NULL, NULL),
	(2, 8, NULL, NULL),
	(2, 9, NULL, NULL);
/*!40000 ALTER TABLE `admin_role_permissions` ENABLE KEYS */;

-- 正在导出表  shop.admin_role_users 的数据：~2 rows (大约)
/*!40000 ALTER TABLE `admin_role_users` DISABLE KEYS */;
INSERT INTO `admin_role_users` (`role_id`, `user_id`, `created_at`, `updated_at`) VALUES
	(1, 1, NULL, NULL),
	(2, 2, NULL, NULL);
/*!40000 ALTER TABLE `admin_role_users` ENABLE KEYS */;

-- 正在导出表  shop.admin_users 的数据：~2 rows (大约)
/*!40000 ALTER TABLE `admin_users` DISABLE KEYS */;
INSERT INTO `admin_users` (`id`, `username`, `password`, `name`, `avatar`, `remember_token`, `created_at`, `updated_at`) VALUES
	(1, 'admin', '$2y$10$ZJfy/DCCL0vdYngGzlw/eucnq81ufVTKjgDsVdlHZ6KtsQ72isoQi', 'Administrator', NULL, 'oZhekXEbxD7flBmHvR6t9kCSFI4bt5C2ee1U1tw14PLmlefJXPueh0p85LX8', '2019-07-03 17:41:28', '2019-07-03 17:41:28'),
	(2, 'Lee', '$2y$10$DmaKX9Cd7TaMlGACuLIIIObUcKLYZ5RBYSEEiitDvjCTwvl2WBv3.', 'Lee', NULL, 'pIBbUR1HOfYZlUMDHQUtrXUuRuOrkJwOD1licE6nLdEuKSWMER8F9akieluQ', '2019-07-04 11:21:03', '2019-07-04 11:21:03');
/*!40000 ALTER TABLE `admin_users` ENABLE KEYS */;

-- 正在导出表  shop.admin_user_permissions 的数据：~0 rows (大约)
/*!40000 ALTER TABLE `admin_user_permissions` DISABLE KEYS */;
/*!40000 ALTER TABLE `admin_user_permissions` ENABLE KEYS */;

/*!40101 SET SQL_MODE=IFNULL(@OLD_SQL_MODE, '') */;
/*!40014 SET FOREIGN_KEY_CHECKS=IF(@OLD_FOREIGN_KEY_CHECKS IS NULL, 1, @OLD_FOREIGN_KEY_CHECKS) */;
/*!40101 SET CHARACTER_SET_CLIENT=@OLD_CHARACTER_SET_CLIENT */;
